code,name,updated_at
CAT0001,Jewelry Equipment 1,2025-04-28 00:19:38
CAT0002,Baby Equipment 2,2025-01-19 00:19:38
CAT0003,Health Goods 3,2025-06-21 00:19:38
CAT0004,Arts Range 4,2025-10-11 00:19:38
CAT0005,Tools Items 5,2025-03-21 00:19:38
CAT0006,Baby Equipment 6,2025-06-24 00:19:38
CAT0007,Shoes Essentials 7,2024-11-12 00:19:38
CAT0008,Shoes Goods 8,2025-01-19 00:19:38
CAT0009,Home Range 9,2025-07-22 00:19:38
CAT0010,Industrial Series 10,2025-07-17 00:19:38
CAT0011,Toys Range 11,2025-05-24 00:19:38
CAT0012,Arts Equipment 12,2025-01-12 00:19:38
CAT0013,Home Items 13,2025-08-17 00:19:38
CAT0014,Food Components 14,2025-01-18 00:19:38
CAT0015,Pet Materials 15,2025-08-02 00:19:38
CAT0016,Health Collection 16,2025-09-08 00:19:38
CAT0017,Food Line 17,2025-06-13 00:19:38
CAT0018,Toys Accessories 18,2024-12-29 00:19:38
CAT0019,Books Products 19,2024-12-12 00:19:38
CAT0020,Garden Products 20,2025-05-23 00:19:38
CAT0021,Pet Accessories 21,2025-01-19 00:19:38
CAT0022,Food Essentials 22,2025-05-24 00:19:38
CAT0023,Automotive Equipment 23,2025-01-06 00:19:38
CAT0024,Books Supplies 24,2024-12-23 00:19:38
CAT0025,Music Line 25,2025-05-25 00:19:38
CAT0026,Industrial Equipment 26,2024-11-23 00:19:38
CAT0027,Home Products 27,2025-02-01 00:19:38
CAT0028,Toys Collection 28,2025-02-09 00:19:38
CAT0029,Industrial Products 29,2025-06-08 00:19:38
CAT0030,Arts Essentials 30,2025-02-23 00:19:38
CAT0031,Books Essentials 31,2025-08-05 00:19:38
CAT0032,Food Materials 32,2025-05-24 00:19:38
CAT0033,Toys Products 33,2025-08-20 00:19:38
CAT0034,Sports Collection 34,2025-06-02 00:19:38
CAT0035,Automotive Supplies 35,2025-09-23 00:19:38
CAT0036,Tools Components 36,2025-09-28 00:19:38
CAT0037,Health Components 37,2024-11-16 00:19:38
CAT0038,Baby Goods 38,2025-10-09 00:19:38
CAT0039,Toys Series 39,2025-09-13 00:19:38
CAT0040,Industrial Supplies 40,2025-07-11 00:19:38
CAT0041,Tools Items 41,2025-11-08 00:19:38
CAT0042,Automotive Goods 42,2025-07-24 00:19:38
CAT0043,Garden Equipment 43,2025-09-18 00:19:38
CAT0044,Industrial Range 44,2025-02-08 00:19:38
CAT0045,Pet Essentials 45,2025-08-31 00:19:38
CAT0046,Music Line 46,2025-03-16 00:19:38
CAT0047,Books Essentials 47,2024-12-27 00:19:38
CAT0048,Health Equipment 48,2025-01-13 00:19:38
CAT0049,Food Series 49,2025-08-21 00:19:38
CAT0050,Pet Items 50,2025-01-06 00:19:38
CAT0051,Music Line 51,2025-09-09 00:19:38
CAT0052,Clothing Components 52,2025-10-24 00:19:38
CAT0053,Industrial Equipment 53,2025-11-06 00:19:38
CAT0054,Toys Accessories 54,2025-07-18 00:19:38
CAT0055,Jewelry Line 55,2025-07-07 00:19:38
CAT0056,Baby Equipment 56,2025-09-25 00:19:38
CAT0057,Health Items 57,2025-09-25 00:19:38
CAT0058,Tools Equipment 58,2025-01-21 00:19:38
CAT0059,Books Components 59,2025-09-24 00:19:38
CAT0060,Clothing Series 60,2025-05-01 00:19:38
CAT0061,Jewelry Collection 61,2025-05-28 00:19:38
CAT0062,Home Goods 62,2025-07-10 00:19:38
CAT0063,Sports Collection 63,2025-10-30 00:19:38
CAT0064,Health Accessories 64,2025-09-24 00:19:38
CAT0065,Automotive Series 65,2025-07-08 00:19:38
CAT0066,Arts Essentials 66,2025-06-26 00:19:38
CAT0067,Pet Components 67,2025-11-04 00:19:38
CAT0068,Industrial Goods 68,2025-04-23 00:19:38
CAT0069,Automotive Components 69,2025-01-03 00:19:38
CAT0070,Sports Components 70,2025-03-08 00:19:38
CAT0071,Jewelry Goods 71,2025-03-12 00:19:38
CAT0072,Tools Items 72,2025-03-09 00:19:38
CAT0073,Office Collection 73,2025-10-03 00:19:38
CAT0074,Tools Series 74,2025-01-06 00:19:38
CAT0075,Beauty Supplies 75,2025-08-07 00:19:38
CAT0076,Industrial Line 76,2024-12-25 00:19:38
CAT0077,Food Collection 77,2025-11-03 00:19:38
CAT0078,Industrial Materials 78,2025-06-16 00:19:38
CAT0079,Sports Goods 79,2025-10-04 00:19:38
CAT0080,Office Equipment 80,2025-01-16 00:19:38
CAT0081,Shoes Essentials 81,2025-09-25 00:19:38
CAT0082,Industrial Components 82,2025-10-10 00:19:38
CAT0083,Office Components 83,2025-11-07 00:19:38
CAT0084,Food Accessories 84,2025-05-24 00:19:38
CAT0085,Health Series 85,2025-09-18 00:19:38
CAT0086,Automotive Line 86,2024-11-24 00:19:38
CAT0087,Books Products 87,2024-11-20 00:19:38
CAT0088,Sports Essentials 88,2024-11-11 00:19:38
CAT0089,Automotive Series 89,2025-02-01 00:19:38
CAT0090,Baby Supplies 90,2025-09-17 00:19:38
CAT0091,Sports Collection 91,2025-07-04 00:19:38
CAT0092,Shoes Collection 92,2025-03-04 00:19:38
CAT0093,Arts Items 93,2025-10-26 00:19:38
CAT0094,Beauty Essentials 94,2025-02-01 00:19:38
CAT0095,Tools Products 95,2025-10-15 00:19:38
CAT0096,Food Products 96,2025-09-26 00:19:38
CAT0097,Home Line 97,2025-02-28 00:19:38
CAT0098,Baby Equipment 98,2025-04-26 00:19:38
CAT0099,Beauty Items 99,2025-10-22 00:19:38
CAT0100,Clothing Range 100,2025-07-07 00:19:38
CAT0101,Toys Essentials 101,2025-06-12 00:19:38
CAT0102,Arts Collection 102,2025-03-04 00:19:38
CAT0103,Jewelry Line 103,2025-09-17 00:19:38
CAT0104,Food Equipment 104,2025-11-07 00:19:38
CAT0105,Clothing Components 105,2025-11-06 00:19:38
CAT0106,Electronics Components 106,2024-12-23 00:19:38
CAT0107,Arts Collection 107,2025-02-05 00:19:38
CAT0108,Food Products 108,2025-09-24 00:19:38
CAT0109,Beauty Range 109,2025-10-15 00:19:38
CAT0110,Sports Products 110,2025-02-25 00:19:38
CAT0111,Sports Goods 111,2025-04-22 00:19:38
CAT0112,Shoes Series 112,2025-07-27 00:19:38
CAT0113,Music Components 113,2025-09-11 00:19:38
CAT0114,Music Range 114,2025-03-28 00:19:38
CAT0115,Garden Items 115,2025-08-30 00:19:38
CAT0116,Electronics Collection 116,2025-03-06 00:19:38
CAT0117,Food Materials 117,2025-02-14 00:19:38
CAT0118,Industrial Collection 118,2025-09-08 00:19:38
CAT0119,Office Accessories 119,2025-08-24 00:19:38
CAT0120,Beauty Materials 120,2025-03-01 00:19:38
CAT0121,Arts Series 121,2025-01-07 00:19:38
CAT0122,Food Components 122,2025-06-22 00:19:38
CAT0123,Garden Line 123,2025-07-11 00:19:38
CAT0124,Health Components 124,2025-07-09 00:19:38
CAT0125,Sports Series 125,2025-01-28 00:19:38
CAT0126,Baby Line 126,2025-09-08 00:19:38
CAT0127,Tools Line 127,2025-08-20 00:19:38
CAT0128,Home Equipment 128,2025-05-02 00:19:38
CAT0129,Clothing Collection 129,2025-10-11 00:19:38
CAT0130,Shoes Essentials 130,2025-01-10 00:19:38
CAT0131,Toys Accessories 131,2025-05-31 00:19:38
CAT0132,Automotive Supplies 132,2025-08-09 00:19:38
CAT0133,Health Line 133,2025-10-02 00:19:38
CAT0134,Jewelry Line 134,2025-05-05 00:19:38
CAT0135,Music Items 135,2025-08-02 00:19:38
CAT0136,Tools Collection 136,2024-12-15 00:19:38
CAT0137,Clothing Materials 137,2025-03-11 00:19:38
CAT0138,Beauty Items 138,2024-11-16 00:19:38
CAT0139,Shoes Products 139,2025-10-11 00:19:38
CAT0140,Clothing Materials 140,2024-12-30 00:19:38
CAT0141,Industrial Accessories 141,2025-05-06 00:19:38
CAT0142,Garden Goods 142,2025-03-16 00:19:38
CAT0143,Pet Series 143,2025-10-08 00:19:38
CAT0144,Shoes Components 144,2024-12-26 00:19:38
CAT0145,Books Goods 145,2025-04-18 00:19:38
CAT0146,Jewelry Accessories 146,2025-07-29 00:19:38
CAT0147,Arts Products 147,2025-03-08 00:19:38
CAT0148,Food Products 148,2024-12-25 00:19:38
CAT0149,Music Items 149,2024-11-14 00:19:38
CAT0150,Garden Materials 150,2025-02-17 00:19:38
CAT0151,Baby Accessories 151,2025-03-24 00:19:38
CAT0152,Office Collection 152,2025-08-22 00:19:38
CAT0153,Garden Materials 153,2025-03-24 00:19:38
CAT0154,Automotive Series 154,2025-05-13 00:19:38
CAT0155,Pet Line 155,2025-10-17 00:19:38
CAT0156,Sports Line 156,2025-06-06 00:19:38
CAT0157,Books Equipment 157,2025-10-06 00:19:38
CAT0158,Books Range 158,2025-03-03 00:19:38
CAT0159,Shoes Materials 159,2025-04-20 00:19:38
CAT0160,Automotive Products 160,2025-06-20 00:19:38
CAT0161,Automotive Items 161,2025-02-12 00:19:38
CAT0162,Tools Series 162,2024-12-03 00:19:38
CAT0163,Garden Products 163,2024-12-23 00:19:38
CAT0164,Industrial Items 164,2025-06-14 00:19:38
CAT0165,Garden Line 165,2025-08-02 00:19:38
CAT0166,Office Range 166,2025-02-24 00:19:38
CAT0167,Sports Supplies 167,2025-09-20 00:19:38
CAT0168,Baby Series 168,2025-09-28 00:19:38
CAT0169,Pet Products 169,2025-05-13 00:19:38
CAT0170,Clothing Components 170,2024-11-25 00:19:38
CAT0171,Industrial Products 171,2025-01-06 00:19:38
CAT0172,Clothing Components 172,2025-10-12 00:19:38
CAT0173,Food Essentials 173,2025-07-26 00:19:38
CAT0174,Garden Products 174,2025-07-14 00:19:38
CAT0175,Pet Series 175,2025-04-14 00:19:38
CAT0176,Electronics Goods 176,2025-07-07 00:19:38
CAT0177,Automotive Line 177,2025-07-30 00:19:38
CAT0178,Home Line 178,2025-07-26 00:19:38
CAT0179,Toys Collection 179,2025-04-28 00:19:38
CAT0180,Sports Line 180,2025-09-22 00:19:38
CAT0181,Sports Line 181,2025-03-15 00:19:38
CAT0182,Arts Equipment 182,2025-09-27 00:19:38
CAT0183,Jewelry Line 183,2025-07-02 00:19:38
CAT0184,Beauty Series 184,2025-03-17 00:19:38
CAT0185,Books Essentials 185,2025-06-07 00:19:38
CAT0186,Toys Range 186,2025-03-06 00:19:38
CAT0187,Industrial Items 187,2025-07-09 00:19:38
CAT0188,Clothing Essentials 188,2025-01-15 00:19:38
CAT0189,Garden Line 189,2025-08-25 00:19:38
CAT0190,Beauty Components 190,2025-07-11 00:19:38
CAT0191,Music Equipment 191,2025-03-31 00:19:38
CAT0192,Garden Line 192,2025-07-09 00:19:38
CAT0193,Music Supplies 193,2025-09-20 00:19:38
CAT0194,Garden Series 194,2025-07-31 00:19:38
CAT0195,Shoes Products 195,2025-02-04 00:19:38
CAT0196,Sports Materials 196,2025-04-08 00:19:38
CAT0197,Shoes Collection 197,2025-04-18 00:19:38
CAT0198,Tools Products 198,2025-03-23 00:19:38
CAT0199,Clothing Equipment 199,2025-04-21 00:19:38
CAT0200,Electronics Items 200,2025-01-03 00:19:38
CAT0201,Industrial Accessories 201,2025-01-14 00:19:38
CAT0202,Arts Items 202,2025-05-30 00:19:38
CAT0203,Garden Materials 203,2025-04-12 00:19:38
CAT0204,Shoes Essentials 204,2025-09-02 00:19:38
CAT0205,Clothing Products 205,2024-12-04 00:19:38
CAT0206,Baby Essentials 206,2025-06-04 00:19:38
CAT0207,Tools Essentials 207,2025-05-18 00:19:38
CAT0208,Tools Equipment 208,2025-06-08 00:19:38
CAT0209,Sports Line 209,2025-01-07 00:19:38
CAT0210,Beauty Essentials 210,2025-02-16 00:19:38
CAT0211,Office Series 211,2025-06-12 00:19:38
CAT0212,Industrial Supplies 212,2025-09-14 00:19:38
CAT0213,Electronics Essentials 213,2024-12-01 00:19:38
CAT0214,Electronics Components 214,2025-08-18 00:19:38
CAT0215,Tools Accessories 215,2025-01-04 00:19:38
CAT0216,Office Essentials 216,2025-02-14 00:19:38
CAT0217,Home Products 217,2025-08-30 00:19:38
CAT0218,Electronics Products 218,2025-09-09 00:19:38
CAT0219,Books Components 219,2025-05-18 00:19:38
CAT0220,Automotive Supplies 220,2025-02-25 00:19:38
CAT0221,Baby Equipment 221,2025-02-21 00:19:38
CAT0222,Pet Equipment 222,2025-11-05 00:19:38
CAT0223,Automotive Line 223,2025-02-12 00:19:38
CAT0224,Clothing Goods 224,2025-06-20 00:19:38
CAT0225,Pet Goods 225,2025-05-07 00:19:38
CAT0226,Tools Series 226,2025-02-26 00:19:38
CAT0227,Music Essentials 227,2025-10-04 00:19:38
CAT0228,Shoes Goods 228,2025-08-04 00:19:38
CAT0229,Books Essentials 229,2025-01-18 00:19:38
CAT0230,Music Equipment 230,2025-08-15 00:19:38
CAT0231,Arts Components 231,2025-06-29 00:19:38
CAT0232,Home Products 232,2025-05-31 00:19:38
CAT0233,Tools Series 233,2025-04-08 00:19:38
CAT0234,Food Supplies 234,2025-04-13 00:19:38
CAT0235,Health Series 235,2025-06-02 00:19:38
CAT0236,Garden Accessories 236,2025-05-16 00:19:38
CAT0237,Books Materials 237,2025-09-24 00:19:38
CAT0238,Toys Products 238,2025-10-07 00:19:38
CAT0239,Industrial Products 239,2025-10-10 00:19:38
CAT0240,Clothing Products 240,2025-03-27 00:19:38
CAT0241,Industrial Series 241,2025-06-03 00:19:38
CAT0242,Toys Essentials 242,2024-11-10 00:19:38
CAT0243,Beauty Components 243,2025-01-02 00:19:38
CAT0244,Health Accessories 244,2025-08-17 00:19:38
CAT0245,Industrial Collection 245,2025-09-21 00:19:38
CAT0246,Arts Line 246,2025-01-01 00:19:38
CAT0247,Food Series 247,2025-06-27 00:19:38
CAT0248,Office Materials 248,2025-10-17 00:19:38
CAT0249,Baby Line 249,2025-08-08 00:19:38
CAT0250,Tools Supplies 250,2025-05-27 00:19:38
CAT0251,Home Goods 251,2025-03-01 00:19:38
CAT0252,Sports Essentials 252,2025-05-22 00:19:38
CAT0253,Home Essentials 253,2025-03-23 00:19:38
CAT0254,Industrial Range 254,2025-06-28 00:19:38
CAT0255,Electronics Supplies 255,2025-07-28 00:19:38
CAT0256,Tools Range 256,2025-09-14 00:19:38
CAT0257,Tools Collection 257,2024-12-17 00:19:38
CAT0258,Books Accessories 258,2025-08-12 00:19:38
CAT0259,Automotive Components 259,2025-04-06 00:19:38
CAT0260,Music Goods 260,2025-06-18 00:19:38
CAT0261,Industrial Accessories 261,2025-05-11 00:19:38
CAT0262,Home Goods 262,2025-04-23 00:19:38
CAT0263,Automotive Items 263,2025-07-12 00:19:38
CAT0264,Arts Series 264,2025-07-21 00:19:38
CAT0265,Sports Components 265,2025-03-28 00:19:38
CAT0266,Electronics Accessories 266,2024-11-16 00:19:38
CAT0267,Automotive Essentials 267,2025-05-08 00:19:38
CAT0268,Arts Components 268,2025-10-16 00:19:38
CAT0269,Automotive Accessories 269,2025-10-11 00:19:38
CAT0270,Arts Collection 270,2025-04-21 00:19:38
CAT0271,Health Essentials 271,2025-10-09 00:19:38
CAT0272,Health Items 272,2025-05-22 00:19:38
CAT0273,Industrial Components 273,2025-02-10 00:19:38
CAT0274,Industrial Supplies 274,2025-10-26 00:19:38
CAT0275,Shoes Accessories 275,2024-12-16 00:19:38
CAT0276,Toys Materials 276,2025-01-03 00:19:38
CAT0277,Pet Items 277,2025-06-03 00:19:38
CAT0278,Sports Line 278,2025-03-04 00:19:38
CAT0279,Tools Equipment 279,2025-02-19 00:19:38
CAT0280,Tools Series 280,2025-03-25 00:19:38
CAT0281,Jewelry Range 281,2025-05-01 00:19:38
CAT0282,Jewelry Essentials 282,2025-01-28 00:19:38
CAT0283,Beauty Line 283,2024-12-10 00:19:38
CAT0284,Home Materials 284,2025-10-12 00:19:38
CAT0285,Arts Items 285,2025-10-06 00:19:38
CAT0286,Garden Essentials 286,2025-10-17 00:19:38
CAT0287,Food Goods 287,2025-07-19 00:19:38
CAT0288,Toys Series 288,2025-07-23 00:19:38
CAT0289,Books Collection 289,2025-10-19 00:19:38
CAT0290,Home Components 290,2025-08-22 00:19:38
CAT0291,Garden Supplies 291,2025-09-06 00:19:38
CAT0292,Beauty Series 292,2025-01-21 00:19:38
CAT0293,Pet Essentials 293,2024-11-10 00:19:38
CAT0294,Office Equipment 294,2025-07-17 00:19:38
CAT0295,Sports Equipment 295,2025-08-28 00:19:38
CAT0296,Electronics Collection 296,2025-04-11 00:19:38
CAT0297,Health Range 297,2025-01-12 00:19:38
CAT0298,Jewelry Equipment 298,2025-03-07 00:19:38
CAT0299,Sports Materials 299,2025-08-06 00:19:38
CAT0300,Clothing Goods 300,2024-12-02 00:19:38
CAT0301,Shoes Collection 301,2025-09-24 00:19:38
CAT0302,Health Equipment 302,2025-06-14 00:19:38
CAT0303,Shoes Collection 303,2025-09-23 00:19:38
CAT0304,Garden Items 304,2024-12-01 00:19:38
CAT0305,Toys Range 305,2025-01-02 00:19:38
CAT0306,Health Line 306,2025-07-17 00:19:38
CAT0307,Books Components 307,2025-10-25 00:19:38
CAT0308,Electronics Essentials 308,2025-05-06 00:19:38
CAT0309,Pet Collection 309,2025-10-15 00:19:38
CAT0310,Sports Line 310,2024-11-22 00:19:38
CAT0311,Books Items 311,2025-10-30 00:19:38
CAT0312,Shoes Products 312,2025-06-02 00:19:38
CAT0313,Pet Supplies 313,2025-05-31 00:19:38
CAT0314,Baby Items 314,2025-02-19 00:19:38
CAT0315,Electronics Components 315,2025-05-02 00:19:38
CAT0316,Office Series 316,2025-04-08 00:19:38
CAT0317,Garden Materials 317,2025-08-08 00:19:38
CAT0318,Food Range 318,2025-09-18 00:19:38
CAT0319,Food Collection 319,2025-01-10 00:19:38
CAT0320,Electronics Supplies 320,2025-03-02 00:19:38
CAT0321,Shoes Range 321,2025-03-20 00:19:38
CAT0322,Food Collection 322,2025-09-18 00:19:38
CAT0323,Pet Supplies 323,2025-01-18 00:19:38
CAT0324,Music Components 324,2025-05-05 00:19:38
CAT0325,Food Supplies 325,2025-02-13 00:19:38
CAT0326,Shoes Materials 326,2025-04-09 00:19:38
CAT0327,Food Products 327,2025-09-29 00:19:38
CAT0328,Automotive Essentials 328,2025-03-14 00:19:38
CAT0329,Beauty Line 329,2025-03-15 00:19:38
CAT0330,Pet Supplies 330,2025-01-10 00:19:38
CAT0331,Baby Collection 331,2025-10-17 00:19:38
CAT0332,Garden Range 332,2025-08-15 00:19:38
CAT0333,Office Products 333,2025-08-03 00:19:38
CAT0334,Arts Essentials 334,2024-11-17 00:19:38
CAT0335,Food Accessories 335,2025-03-25 00:19:38
CAT0336,Tools Collection 336,2025-06-06 00:19:38
CAT0337,Tools Materials 337,2024-12-07 00:19:38
CAT0338,Clothing Series 338,2025-11-07 00:19:38
CAT0339,Tools Materials 339,2025-02-22 00:19:38
CAT0340,Jewelry Collection 340,2025-05-04 00:19:38
CAT0341,Industrial Components 341,2025-07-26 00:19:38
CAT0342,Toys Products 342,2024-12-12 00:19:38
CAT0343,Industrial Line 343,2025-06-23 00:19:38
CAT0344,Garden Goods 344,2025-04-18 00:19:38
CAT0345,Electronics Range 345,2025-06-23 00:19:38
CAT0346,Electronics Items 346,2025-09-13 00:19:38
CAT0347,Books Essentials 347,2025-03-11 00:19:38
CAT0348,Pet Materials 348,2025-01-09 00:19:38
CAT0349,Automotive Products 349,2025-08-04 00:19:38
CAT0350,Jewelry Series 350,2025-04-01 00:19:38
CAT0351,Shoes Supplies 351,2024-12-03 00:19:38
CAT0352,Baby Items 352,2025-02-06 00:19:38
CAT0353,Beauty Materials 353,2025-08-12 00:19:38
CAT0354,Toys Essentials 354,2025-08-14 00:19:38
CAT0355,Clothing Goods 355,2025-10-10 00:19:38
CAT0356,Industrial Materials 356,2025-07-29 00:19:38
CAT0357,Tools Goods 357,2024-12-07 00:19:38
CAT0358,Baby Collection 358,2025-09-27 00:19:38
CAT0359,Garden Supplies 359,2024-11-20 00:19:38
CAT0360,Jewelry Essentials 360,2024-11-30 00:19:38
CAT0361,Food Goods 361,2025-08-08 00:19:38
CAT0362,Pet Essentials 362,2025-07-11 00:19:38
CAT0363,Health Supplies 363,2024-11-22 00:19:38
CAT0364,Home Collection 364,2025-05-03 00:19:38
CAT0365,Electronics Collection 365,2025-01-07 00:19:38
CAT0366,Toys Range 366,2025-04-07 00:19:38
CAT0367,Health Series 367,2025-09-25 00:19:38
CAT0368,Tools Accessories 368,2025-07-06 00:19:38
CAT0369,Baby Components 369,2025-08-02 00:19:38
CAT0370,Shoes Components 370,2025-01-16 00:19:38
CAT0371,Office Essentials 371,2025-04-25 00:19:38
CAT0372,Office Components 372,2024-11-30 00:19:38
CAT0373,Garden Essentials 373,2024-12-21 00:19:38
CAT0374,Office Supplies 374,2025-05-24 00:19:38
CAT0375,Industrial Range 375,2025-06-18 00:19:38
CAT0376,Sports Collection 376,2025-09-22 00:19:38
CAT0377,Home Range 377,2025-02-21 00:19:38
CAT0378,Books Items 378,2025-08-16 00:19:38
CAT0379,Toys Accessories 379,2024-12-07 00:19:38
CAT0380,Tools Products 380,2025-08-28 00:19:38
CAT0381,Automotive Collection 381,2025-01-14 00:19:38
CAT0382,Music Series 382,2025-01-19 00:19:38
CAT0383,Health Materials 383,2024-12-01 00:19:38
CAT0384,Tools Equipment 384,2025-08-14 00:19:38
CAT0385,Garden Collection 385,2025-08-10 00:19:38
CAT0386,Garden Accessories 386,2025-06-20 00:19:38
CAT0387,Electronics Items 387,2025-06-06 00:19:38
CAT0388,Arts Line 388,2025-11-01 00:19:38
CAT0389,Home Materials 389,2025-02-21 00:19:38
CAT0390,Electronics Items 390,2025-04-03 00:19:38
CAT0391,Beauty Line 391,2025-02-25 00:19:38
CAT0392,Baby Accessories 392,2025-03-13 00:19:38
CAT0393,Clothing Supplies 393,2025-01-25 00:19:38
CAT0394,Industrial Supplies 394,2025-07-30 00:19:38
CAT0395,Office Products 395,2025-07-16 00:19:38
CAT0396,Home Series 396,2025-10-26 00:19:38
CAT0397,Tools Goods 397,2024-11-17 00:19:38
CAT0398,Office Items 398,2025-09-23 00:19:38
CAT0399,Clothing Materials 399,2025-05-05 00:19:38
CAT0400,Home Series 400,2024-12-22 00:19:38
CAT0401,Books Components 401,2025-10-09 00:19:38
CAT0402,Sports Products 402,2025-02-13 00:19:38
CAT0403,Home Equipment 403,2025-08-07 00:19:38
CAT0404,Beauty Supplies 404,2024-11-11 00:19:38
CAT0405,Automotive Line 405,2025-09-30 00:19:38
CAT0406,Pet Line 406,2025-07-02 00:19:38
CAT0407,Pet Series 407,2025-10-01 00:19:38
CAT0408,Office Components 408,2025-05-09 00:19:38
CAT0409,Home Range 409,2025-09-17 00:19:38
CAT0410,Shoes Items 410,2025-05-25 00:19:38
CAT0411,Shoes Series 411,2025-06-24 00:19:38
CAT0412,Music Products 412,2025-03-07 00:19:38
CAT0413,Pet Components 413,2025-07-09 00:19:38
CAT0414,Home Range 414,2025-07-24 00:19:38
CAT0415,Books Supplies 415,2025-02-17 00:19:38
CAT0416,Tools Components 416,2025-05-13 00:19:38
CAT0417,Electronics Equipment 417,2025-05-07 00:19:38
CAT0418,Toys Components 418,2024-11-29 00:19:38
CAT0419,Food Equipment 419,2025-03-22 00:19:38
CAT0420,Food Range 420,2025-04-22 00:19:38
CAT0421,Food Series 421,2025-05-03 00:19:38
CAT0422,Sports Collection 422,2025-08-23 00:19:38
CAT0423,Home Range 423,2025-07-18 00:19:38
CAT0424,Sports Materials 424,2025-02-07 00:19:38
CAT0425,Tools Equipment 425,2025-05-09 00:19:38
CAT0426,Sports Range 426,2025-03-30 00:19:38
CAT0427,Toys Accessories 427,2025-05-12 00:19:38
CAT0428,Beauty Supplies 428,2025-04-19 00:19:38
CAT0429,Beauty Products 429,2025-09-09 00:19:38
CAT0430,Books Components 430,2025-09-24 00:19:38
CAT0431,Sports Equipment 431,2025-08-02 00:19:38
CAT0432,Automotive Essentials 432,2025-01-06 00:19:38
CAT0433,Tools Accessories 433,2025-08-08 00:19:38
CAT0434,Tools Range 434,2025-03-18 00:19:38
CAT0435,Electronics Materials 435,2025-05-04 00:19:38
CAT0436,Garden Collection 436,2025-05-02 00:19:38
CAT0437,Toys Items 437,2025-08-03 00:19:38
CAT0438,Pet Goods 438,2025-01-09 00:19:38
CAT0439,Health Materials 439,2025-10-20 00:19:38
CAT0440,Industrial Equipment 440,2025-04-14 00:19:38
CAT0441,Toys Goods 441,2025-01-29 00:19:38
CAT0442,Books Materials 442,2025-03-18 00:19:38
CAT0443,Baby Essentials 443,2025-04-11 00:19:38
CAT0444,Jewelry Materials 444,2025-04-19 00:19:38
CAT0445,Music Components 445,2025-04-22 00:19:38
CAT0446,Baby Range 446,2025-09-02 00:19:38
CAT0447,Industrial Supplies 447,2024-12-12 00:19:38
CAT0448,Food Materials 448,2025-08-15 00:19:38
CAT0449,Sports Materials 449,2025-07-29 00:19:38
CAT0450,Music Accessories 450,2025-03-12 00:19:38
CAT0451,Home Products 451,2025-07-21 00:19:38
CAT0452,Tools Goods 452,2025-06-27 00:19:38
CAT0453,Shoes Series 453,2025-08-07 00:19:38
CAT0454,Baby Components 454,2025-03-17 00:19:38
CAT0455,Music Collection 455,2025-04-15 00:19:38
CAT0456,Electronics Items 456,2025-03-14 00:19:38
CAT0457,Jewelry Range 457,2025-01-05 00:19:38
CAT0458,Shoes Series 458,2025-06-08 00:19:38
CAT0459,Music Products 459,2025-04-21 00:19:38
CAT0460,Pet Components 460,2025-04-12 00:19:38
CAT0461,Automotive Supplies 461,2025-07-31 00:19:38
CAT0462,Industrial Range 462,2025-11-07 00:19:38
CAT0463,Shoes Accessories 463,2024-12-03 00:19:38
CAT0464,Music Essentials 464,2025-06-25 00:19:38
CAT0465,Beauty Line 465,2025-03-03 00:19:38
CAT0466,Industrial Essentials 466,2025-01-05 00:19:38
CAT0467,Clothing Accessories 467,2025-09-03 00:19:38
CAT0468,Books Goods 468,2025-04-27 00:19:38
CAT0469,Pet Components 469,2025-02-20 00:19:38
CAT0470,Jewelry Components 470,2025-06-30 00:19:38
CAT0471,Health Items 471,2025-04-12 00:19:38
CAT0472,Sports Products 472,2025-08-30 00:19:38
CAT0473,Industrial Components 473,2025-07-31 00:19:38
CAT0474,Garden Series 474,2025-04-30 00:19:38
CAT0475,Toys Materials 475,2024-11-11 00:19:38
CAT0476,Sports Range 476,2025-01-25 00:19:38
CAT0477,Baby Line 477,2025-07-12 00:19:38
CAT0478,Sports Items 478,2025-02-02 00:19:38
CAT0479,Clothing Products 479,2024-11-13 00:19:38
CAT0480,Health Equipment 480,2025-01-23 00:19:38
CAT0481,Shoes Materials 481,2025-09-30 00:19:38
CAT0482,Health Goods 482,2025-05-30 00:19:38
CAT0483,Books Materials 483,2025-04-17 00:19:38
CAT0484,Clothing Products 484,2025-10-16 00:19:38
CAT0485,Arts Equipment 485,2024-11-17 00:19:38
CAT0486,Electronics Line 486,2024-12-27 00:19:38
CAT0487,Sports Line 487,2025-04-02 00:19:38
CAT0488,Sports Materials 488,2025-06-29 00:19:38
CAT0489,Automotive Goods 489,2025-06-17 00:19:38
CAT0490,Home Series 490,2025-05-01 00:19:38
CAT0491,Electronics Series 491,2025-02-06 00:19:38
CAT0492,Home Accessories 492,2025-08-19 00:19:38
CAT0493,Music Components 493,2025-03-18 00:19:38
CAT0494,Industrial Supplies 494,2025-04-05 00:19:38
CAT0495,Health Goods 495,2025-10-11 00:19:38
CAT0496,Garden Supplies 496,2025-06-11 00:19:38
CAT0497,Office Range 497,2025-03-20 00:19:38
CAT0498,Music Items 498,2025-06-14 00:19:38
CAT0499,Food Line 499,2024-12-11 00:19:38
CAT0500,Baby Materials 500,2025-04-07 00:19:38
CAT0501,Tools Goods 501,2025-04-01 00:19:38
CAT0502,Books Products 502,2025-06-21 00:19:38
CAT0503,Garden Collection 503,2024-11-22 00:19:38
CAT0504,Electronics Accessories 504,2025-09-07 00:19:38
CAT0505,Toys Collection 505,2025-05-04 00:19:38
CAT0506,Shoes Items 506,2025-03-17 00:19:38
CAT0507,Home Essentials 507,2025-10-17 00:19:38
CAT0508,Health Line 508,2025-04-28 00:19:38
CAT0509,Home Accessories 509,2025-06-18 00:19:38
CAT0510,Sports Collection 510,2025-06-02 00:19:38
CAT0511,Pet Accessories 511,2025-04-27 00:19:38
CAT0512,Industrial Products 512,2025-09-10 00:19:38
CAT0513,Baby Goods 513,2025-05-06 00:19:38
CAT0514,Shoes Supplies 514,2025-09-08 00:19:38
CAT0515,Shoes Supplies 515,2024-12-28 00:19:38
CAT0516,Health Essentials 516,2025-03-30 00:19:38
CAT0517,Arts Equipment 517,2025-01-08 00:19:38
CAT0518,Baby Accessories 518,2025-05-11 00:19:38
CAT0519,Garden Goods 519,2025-01-30 00:19:38
CAT0520,Tools Collection 520,2025-04-22 00:19:38
CAT0521,Tools Line 521,2025-05-01 00:19:38
CAT0522,Books Products 522,2025-01-06 00:19:38
CAT0523,Automotive Items 523,2025-01-01 00:19:38
CAT0524,Sports Goods 524,2025-10-29 00:19:38
CAT0525,Pet Supplies 525,2025-05-15 00:19:38
CAT0526,Sports Items 526,2025-05-14 00:19:38
CAT0527,Clothing Series 527,2025-05-11 00:19:38
CAT0528,Industrial Components 528,2025-01-24 00:19:38
CAT0529,Sports Essentials 529,2025-09-27 00:19:38
CAT0530,Electronics Supplies 530,2025-04-07 00:19:38
CAT0531,Jewelry Series 531,2025-09-18 00:19:38
CAT0532,Pet Goods 532,2025-08-23 00:19:38
CAT0533,Health Essentials 533,2025-07-06 00:19:38
CAT0534,Industrial Items 534,2024-12-18 00:19:38
CAT0535,Shoes Equipment 535,2025-06-17 00:19:38
CAT0536,Beauty Essentials 536,2025-04-10 00:19:38
CAT0537,Tools Essentials 537,2024-12-20 00:19:38
CAT0538,Shoes Materials 538,2025-08-09 00:19:38
CAT0539,Garden Materials 539,2025-06-28 00:19:38
CAT0540,Pet Series 540,2025-09-07 00:19:38
CAT0541,Office Items 541,2025-10-27 00:19:38
CAT0542,Office Products 542,2025-06-30 00:19:38
CAT0543,Office Equipment 543,2025-03-11 00:19:38
CAT0544,Toys Range 544,2025-11-01 00:19:38
CAT0545,Home Components 545,2025-05-31 00:19:38
CAT0546,Pet Series 546,2024-12-31 00:19:38
CAT0547,Electronics Accessories 547,2025-09-02 00:19:38
CAT0548,Sports Materials 548,2025-05-20 00:19:38
CAT0549,Pet Equipment 549,2024-11-10 00:19:38
CAT0550,Home Range 550,2025-07-26 00:19:38
CAT0551,Industrial Components 551,2025-04-06 00:19:38
CAT0552,Garden Materials 552,2025-05-02 00:19:38
CAT0553,Industrial Accessories 553,2025-11-04 00:19:38
CAT0554,Garden Products 554,2025-05-25 00:19:38
CAT0555,Electronics Items 555,2025-09-08 00:19:38
CAT0556,Office Range 556,2024-11-11 00:19:38
CAT0557,Clothing Equipment 557,2025-04-03 00:19:38
CAT0558,Electronics Essentials 558,2025-09-29 00:19:38
CAT0559,Jewelry Essentials 559,2025-04-29 00:19:38
CAT0560,Shoes Range 560,2024-12-22 00:19:38
CAT0561,Beauty Components 561,2024-12-25 00:19:38
CAT0562,Automotive Equipment 562,2025-07-07 00:19:38
CAT0563,Jewelry Supplies 563,2025-10-03 00:19:38
CAT0564,Garden Essentials 564,2025-04-01 00:19:38
CAT0565,Arts Essentials 565,2025-06-23 00:19:38
CAT0566,Beauty Items 566,2025-04-13 00:19:38
CAT0567,Industrial Essentials 567,2025-04-23 00:19:38
CAT0568,Clothing Line 568,2025-06-21 00:19:38
CAT0569,Music Supplies 569,2025-01-15 00:19:38
CAT0570,Tools Essentials 570,2025-10-15 00:19:38
CAT0571,Beauty Accessories 571,2024-11-08 00:19:38
CAT0572,Beauty Products 572,2025-10-26 00:19:38
CAT0573,Pet Accessories 573,2025-06-29 00:19:38
CAT0574,Garden Equipment 574,2025-06-08 00:19:38
CAT0575,Clothing Materials 575,2025-03-07 00:19:38
CAT0576,Automotive Line 576,2025-07-28 00:19:38
CAT0577,Sports Line 577,2025-03-26 00:19:38
CAT0578,Office Accessories 578,2025-04-16 00:19:38
CAT0579,Tools Collection 579,2025-09-26 00:19:38
CAT0580,Baby Line 580,2025-08-05 00:19:38
CAT0581,Music Supplies 581,2024-12-29 00:19:38
CAT0582,Arts Materials 582,2024-12-08 00:19:38
CAT0583,Health Line 583,2025-02-08 00:19:38
CAT0584,Industrial Collection 584,2025-09-28 00:19:38
CAT0585,Clothing Collection 585,2025-05-25 00:19:38
CAT0586,Industrial Accessories 586,2025-03-28 00:19:38
CAT0587,Automotive Equipment 587,2025-08-12 00:19:38
CAT0588,Tools Materials 588,2025-01-27 00:19:38
CAT0589,Jewelry Range 589,2025-06-21 00:19:38
CAT0590,Tools Supplies 590,2025-06-09 00:19:38
CAT0591,Toys Components 591,2024-12-30 00:19:38
CAT0592,Sports Collection 592,2025-08-14 00:19:38
CAT0593,Electronics Accessories 593,2025-08-01 00:19:38
CAT0594,Jewelry Goods 594,2025-01-06 00:19:38
CAT0595,Tools Materials 595,2025-07-13 00:19:38
CAT0596,Health Supplies 596,2025-01-31 00:19:38
CAT0597,Toys Products 597,2024-12-17 00:19:38
CAT0598,Shoes Collection 598,2025-05-02 00:19:38
CAT0599,Books Equipment 599,2025-04-15 00:19:38
CAT0600,Sports Collection 600,2025-02-05 00:19:38
CAT0601,Industrial Collection 601,2025-03-12 00:19:38
CAT0602,Tools Materials 602,2025-01-17 00:19:38
CAT0603,Baby Collection 603,2025-04-26 00:19:38
CAT0604,Sports Supplies 604,2025-09-09 00:19:38
CAT0605,Arts Range 605,2024-11-11 00:19:38
CAT0606,Beauty Essentials 606,2025-07-28 00:19:38
CAT0607,Clothing Materials 607,2025-06-10 00:19:38
CAT0608,Pet Items 608,2025-07-15 00:19:38
CAT0609,Industrial Components 609,2025-10-28 00:19:38
CAT0610,Toys Accessories 610,2025-01-26 00:19:38
CAT0611,Clothing Collection 611,2025-05-09 00:19:38
CAT0612,Baby Range 612,2025-04-10 00:19:38
CAT0613,Office Line 613,2025-05-03 00:19:38
CAT0614,Tools Accessories 614,2025-03-14 00:19:38
CAT0615,Electronics Essentials 615,2024-12-18 00:19:38
CAT0616,Beauty Series 616,2025-08-02 00:19:38
CAT0617,Music Essentials 617,2025-05-20 00:19:38
CAT0618,Home Products 618,2025-05-08 00:19:38
CAT0619,Industrial Line 619,2025-10-15 00:19:38
CAT0620,Clothing Materials 620,2024-12-09 00:19:38
CAT0621,Toys Collection 621,2025-08-15 00:19:38
CAT0622,Baby Goods 622,2025-07-03 00:19:38
CAT0623,Pet Supplies 623,2025-01-19 00:19:38
CAT0624,Beauty Essentials 624,2025-05-25 00:19:38
CAT0625,Tools Accessories 625,2025-10-22 00:19:38
CAT0626,Clothing Supplies 626,2024-12-26 00:19:38
CAT0627,Office Items 627,2025-07-11 00:19:38
CAT0628,Office Range 628,2025-06-29 00:19:38
CAT0629,Health Line 629,2025-08-11 00:19:38
CAT0630,Automotive Line 630,2025-10-24 00:19:38
CAT0631,Sports Essentials 631,2025-04-01 00:19:38
CAT0632,Health Line 632,2025-07-14 00:19:38
CAT0633,Jewelry Range 633,2025-04-24 00:19:38
CAT0634,Toys Components 634,2025-01-08 00:19:38
CAT0635,Sports Collection 635,2025-05-01 00:19:38
CAT0636,Industrial Range 636,2025-04-24 00:19:38
CAT0637,Automotive Equipment 637,2025-03-31 00:19:38
CAT0638,Clothing Essentials 638,2025-02-04 00:19:38
CAT0639,Automotive Series 639,2025-06-10 00:19:38
CAT0640,Clothing Essentials 640,2025-08-31 00:19:38
CAT0641,Automotive Materials 641,2025-03-31 00:19:38
CAT0642,Food Line 642,2024-12-17 00:19:38
CAT0643,Clothing Line 643,2025-03-14 00:19:38
CAT0644,Industrial Goods 644,2025-03-16 00:19:38
CAT0645,Automotive Equipment 645,2025-05-13 00:19:38
CAT0646,Clothing Essentials 646,2025-01-13 00:19:38
CAT0647,Jewelry Equipment 647,2024-11-25 00:19:38
CAT0648,Tools Products 648,2025-04-19 00:19:38
CAT0649,Electronics Series 649,2025-07-31 00:19:38
CAT0650,Jewelry Items 650,2025-06-26 00:19:38
CAT0651,Toys Range 651,2025-05-18 00:19:38
CAT0652,Food Collection 652,2025-09-10 00:19:38
CAT0653,Music Accessories 653,2025-09-09 00:19:38
CAT0654,Office Goods 654,2025-04-09 00:19:38
CAT0655,Books Supplies 655,2025-08-14 00:19:38
CAT0656,Arts Components 656,2025-03-16 00:19:38
CAT0657,Office Items 657,2025-07-08 00:19:38
CAT0658,Shoes Supplies 658,2025-01-13 00:19:38
CAT0659,Health Accessories 659,2025-07-15 00:19:38
CAT0660,Shoes Series 660,2025-10-05 00:19:38
CAT0661,Industrial Series 661,2025-07-23 00:19:38
CAT0662,Home Collection 662,2025-04-29 00:19:38
CAT0663,Garden Line 663,2025-03-24 00:19:38
CAT0664,Sports Essentials 664,2025-06-04 00:19:38
CAT0665,Automotive Series 665,2025-04-24 00:19:38
CAT0666,Electronics Series 666,2024-12-06 00:19:38
CAT0667,Tools Line 667,2025-02-17 00:19:38
CAT0668,Shoes Series 668,2024-11-25 00:19:38
CAT0669,Food Essentials 669,2025-06-20 00:19:38
CAT0670,Garden Accessories 670,2025-07-14 00:19:38
CAT0671,Electronics Accessories 671,2025-09-04 00:19:38
CAT0672,Electronics Products 672,2025-07-09 00:19:38
CAT0673,Sports Materials 673,2025-04-07 00:19:38
CAT0674,Home Accessories 674,2025-05-01 00:19:38
CAT0675,Automotive Line 675,2025-07-17 00:19:38
CAT0676,Electronics Components 676,2025-03-29 00:19:38
CAT0677,Automotive Collection 677,2025-05-25 00:19:38
CAT0678,Office Accessories 678,2024-12-14 00:19:38
CAT0679,Electronics Components 679,2025-02-26 00:19:38
CAT0680,Industrial Range 680,2025-01-10 00:19:38
CAT0681,Health Components 681,2024-12-09 00:19:38
CAT0682,Electronics Materials 682,2025-11-01 00:19:38
CAT0683,Jewelry Range 683,2025-09-11 00:19:38
CAT0684,Home Accessories 684,2024-12-19 00:19:38
CAT0685,Toys Range 685,2025-10-09 00:19:38
CAT0686,Home Equipment 686,2025-07-01 00:19:38
CAT0687,Music Products 687,2025-06-28 00:19:38
CAT0688,Beauty Supplies 688,2025-11-06 00:19:38
CAT0689,Baby Collection 689,2025-01-22 00:19:38
CAT0690,Industrial Line 690,2025-04-20 00:19:38
CAT0691,Home Line 691,2025-01-03 00:19:38
CAT0692,Baby Collection 692,2024-12-14 00:19:38
CAT0693,Tools Essentials 693,2024-11-13 00:19:38
CAT0694,Automotive Equipment 694,2025-03-14 00:19:38
CAT0695,Jewelry Range 695,2025-04-12 00:19:38
CAT0696,Tools Line 696,2025-11-07 00:19:38
CAT0697,Health Materials 697,2024-12-28 00:19:38
CAT0698,Home Items 698,2025-01-03 00:19:38
CAT0699,Food Materials 699,2025-06-03 00:19:38
CAT0700,Jewelry Essentials 700,2025-04-21 00:19:38
CAT0701,Sports Supplies 701,2025-05-02 00:19:38
CAT0702,Health Components 702,2024-12-03 00:19:38
CAT0703,Pet Products 703,2025-07-12 00:19:38
CAT0704,Industrial Goods 704,2025-08-29 00:19:38
CAT0705,Beauty Equipment 705,2025-08-15 00:19:38
CAT0706,Beauty Essentials 706,2025-04-21 00:19:38
CAT0707,Automotive Goods 707,2025-03-27 00:19:38
CAT0708,Music Series 708,2025-09-04 00:19:38
CAT0709,Shoes Accessories 709,2025-03-26 00:19:38
CAT0710,Baby Supplies 710,2025-03-26 00:19:38
CAT0711,Shoes Range 711,2025-06-04 00:19:38
CAT0712,Industrial Accessories 712,2025-03-18 00:19:38
CAT0713,Clothing Essentials 713,2025-08-22 00:19:38
CAT0714,Shoes Accessories 714,2025-04-07 00:19:38
CAT0715,Industrial Accessories 715,2025-03-08 00:19:38
CAT0716,Baby Materials 716,2025-10-30 00:19:38
CAT0717,Health Collection 717,2025-06-26 00:19:38
CAT0718,Industrial Collection 718,2025-08-19 00:19:38
CAT0719,Office Collection 719,2025-03-27 00:19:38
CAT0720,Pet Equipment 720,2025-09-29 00:19:38
CAT0721,Home Essentials 721,2025-01-14 00:19:38
CAT0722,Books Range 722,2024-12-19 00:19:38
CAT0723,Home Line 723,2025-02-10 00:19:38
CAT0724,Baby Accessories 724,2024-11-15 00:19:38
CAT0725,Food Line 725,2025-03-24 00:19:38
CAT0726,Automotive Line 726,2025-04-28 00:19:38
CAT0727,Tools Series 727,2025-05-15 00:19:38
CAT0728,Automotive Items 728,2025-09-27 00:19:38
CAT0729,Pet Products 729,2025-08-30 00:19:38
CAT0730,Industrial Equipment 730,2024-12-09 00:19:38
CAT0731,Home Materials 731,2025-07-14 00:19:38
CAT0732,Pet Items 732,2025-03-18 00:19:38
CAT0733,Arts Materials 733,2025-08-14 00:19:38
CAT0734,Arts Accessories 734,2024-11-26 00:19:38
CAT0735,Food Goods 735,2025-01-12 00:19:38
CAT0736,Automotive Essentials 736,2025-07-03 00:19:38
CAT0737,Books Products 737,2025-10-11 00:19:38
CAT0738,Electronics Series 738,2025-03-09 00:19:38
CAT0739,Industrial Materials 739,2025-06-18 00:19:38
CAT0740,Toys Range 740,2024-11-19 00:19:38
CAT0741,Health Equipment 741,2025-01-08 00:19:38
CAT0742,Books Materials 742,2025-01-15 00:19:38
CAT0743,Automotive Collection 743,2024-12-08 00:19:38
CAT0744,Beauty Series 744,2025-04-22 00:19:38
CAT0745,Garden Accessories 745,2025-03-07 00:19:38
CAT0746,Toys Items 746,2025-04-26 00:19:38
CAT0747,Automotive Materials 747,2025-09-26 00:19:38
CAT0748,Books Goods 748,2024-12-11 00:19:38
CAT0749,Jewelry Line 749,2025-07-22 00:19:38
CAT0750,Industrial Range 750,2025-09-05 00:19:38
CAT0751,Beauty Materials 751,2025-05-27 00:19:38
CAT0752,Clothing Line 752,2025-10-21 00:19:38
CAT0753,Automotive Range 753,2025-04-25 00:19:38
CAT0754,Health Equipment 754,2025-08-04 00:19:38
CAT0755,Industrial Components 755,2025-03-19 00:19:38
CAT0756,Books Supplies 756,2024-11-30 00:19:38
CAT0757,Baby Accessories 757,2025-01-08 00:19:38
CAT0758,Automotive Products 758,2025-01-26 00:19:38
CAT0759,Food Essentials 759,2025-10-13 00:19:38
CAT0760,Tools Goods 760,2025-02-12 00:19:38
CAT0761,Automotive Line 761,2025-10-31 00:19:38
CAT0762,Office Supplies 762,2025-08-06 00:19:38
CAT0763,Home Essentials 763,2025-07-05 00:19:38
CAT0764,Toys Series 764,2024-11-24 00:19:38
CAT0765,Shoes Essentials 765,2025-06-11 00:19:38
CAT0766,Jewelry Range 766,2025-11-06 00:19:38
CAT0767,Industrial Accessories 767,2025-02-14 00:19:38
CAT0768,Health Collection 768,2025-02-15 00:19:38
CAT0769,Industrial Items 769,2024-11-12 00:19:38
CAT0770,Toys Collection 770,2025-03-29 00:19:38
CAT0771,Jewelry Materials 771,2025-02-22 00:19:38
CAT0772,Jewelry Products 772,2025-01-13 00:19:38
CAT0773,Arts Collection 773,2025-10-31 00:19:38
CAT0774,Beauty Accessories 774,2025-09-01 00:19:38
CAT0775,Baby Equipment 775,2025-07-02 00:19:38
CAT0776,Garden Goods 776,2024-11-18 00:19:38
CAT0777,Baby Series 777,2025-08-13 00:19:38
CAT0778,Shoes Range 778,2025-06-24 00:19:38
CAT0779,Garden Range 779,2025-08-08 00:19:38
CAT0780,Arts Products 780,2025-05-14 00:19:38
CAT0781,Shoes Equipment 781,2024-12-14 00:19:38
CAT0782,Sports Goods 782,2024-11-19 00:19:38
CAT0783,Baby Components 783,2025-07-31 00:19:38
CAT0784,Home Products 784,2025-05-04 00:19:38
CAT0785,Shoes Collection 785,2025-01-01 00:19:38
CAT0786,Food Products 786,2024-12-12 00:19:38
CAT0787,Music Essentials 787,2025-05-13 00:19:38
CAT0788,Automotive Items 788,2025-05-04 00:19:38
CAT0789,Food Accessories 789,2025-10-05 00:19:38
CAT0790,Books Line 790,2025-09-30 00:19:38
CAT0791,Office Items 791,2025-08-17 00:19:38
CAT0792,Pet Series 792,2025-06-27 00:19:38
CAT0793,Arts Accessories 793,2025-07-24 00:19:38
CAT0794,Electronics Equipment 794,2025-10-31 00:19:38
CAT0795,Arts Range 795,2025-03-31 00:19:38
CAT0796,Arts Collection 796,2024-11-12 00:19:38
CAT0797,Toys Accessories 797,2025-10-17 00:19:38
CAT0798,Industrial Equipment 798,2025-09-18 00:19:38
CAT0799,Industrial Collection 799,2025-02-11 00:19:38
CAT0800,Shoes Accessories 800,2025-06-23 00:19:38
CAT0801,Food Supplies 801,2025-05-06 00:19:38
CAT0802,Garden Supplies 802,2025-05-18 00:19:38
CAT0803,Health Series 803,2025-03-31 00:19:38
CAT0804,Pet Components 804,2025-01-15 00:19:38
CAT0805,Tools Accessories 805,2025-02-11 00:19:38
CAT0806,Sports Goods 806,2024-12-06 00:19:38
CAT0807,Toys Accessories 807,2025-05-17 00:19:38
CAT0808,Toys Materials 808,2024-11-24 00:19:38
CAT0809,Beauty Collection 809,2024-12-01 00:19:38
CAT0810,Tools Essentials 810,2025-02-13 00:19:38
CAT0811,Industrial Equipment 811,2025-06-09 00:19:38
CAT0812,Food Line 812,2024-11-11 00:19:38
CAT0813,Tools Series 813,2024-12-23 00:19:38
CAT0814,Beauty Components 814,2025-10-21 00:19:38
CAT0815,Home Accessories 815,2025-10-19 00:19:38
CAT0816,Jewelry Products 816,2024-12-15 00:19:38
CAT0817,Home Collection 817,2025-04-14 00:19:38
CAT0818,Jewelry Accessories 818,2025-10-04 00:19:38
CAT0819,Automotive Components 819,2024-11-30 00:19:38
CAT0820,Shoes Range 820,2025-05-04 00:19:38
CAT0821,Automotive Items 821,2025-11-05 00:19:38
CAT0822,Automotive Goods 822,2025-09-10 00:19:38
CAT0823,Pet Line 823,2024-12-10 00:19:38
CAT0824,Baby Range 824,2025-09-14 00:19:38
CAT0825,Food Accessories 825,2024-11-24 00:19:38
CAT0826,Electronics Series 826,2025-03-14 00:19:38
CAT0827,Jewelry Line 827,2024-12-27 00:19:38
CAT0828,Shoes Supplies 828,2025-06-04 00:19:38
CAT0829,Toys Components 829,2025-10-28 00:19:38
CAT0830,Pet Range 830,2025-03-02 00:19:38
CAT0831,Industrial Essentials 831,2025-02-16 00:19:38
CAT0832,Toys Equipment 832,2025-10-06 00:19:38
CAT0833,Pet Materials 833,2025-04-02 00:19:38
CAT0834,Tools Line 834,2024-12-13 00:19:38
CAT0835,Garden Items 835,2025-08-25 00:19:38
CAT0836,Clothing Equipment 836,2025-08-06 00:19:38
CAT0837,Electronics Materials 837,2025-08-31 00:19:38
CAT0838,Jewelry Collection 838,2025-02-28 00:19:38
CAT0839,Electronics Products 839,2024-11-16 00:19:38
CAT0840,Sports Collection 840,2025-08-29 00:19:38
CAT0841,Food Goods 841,2025-04-08 00:19:38
CAT0842,Toys Equipment 842,2025-06-23 00:19:38
CAT0843,Baby Collection 843,2025-01-31 00:19:38
CAT0844,Electronics Series 844,2025-11-08 00:19:38
CAT0845,Health Components 845,2024-11-11 00:19:38
CAT0846,Garden Items 846,2025-10-20 00:19:38
CAT0847,Toys Equipment 847,2025-11-01 00:19:38
CAT0848,Industrial Line 848,2025-07-01 00:19:38
CAT0849,Pet Items 849,2025-08-10 00:19:38
CAT0850,Shoes Equipment 850,2025-01-16 00:19:38
CAT0851,Office Products 851,2025-04-27 00:19:38
CAT0852,Sports Range 852,2025-10-11 00:19:38
CAT0853,Home Supplies 853,2025-03-31 00:19:38
CAT0854,Health Series 854,2025-01-22 00:19:38
CAT0855,Books Items 855,2025-02-02 00:19:38
CAT0856,Food Materials 856,2025-09-19 00:19:38
CAT0857,Beauty Essentials 857,2025-02-04 00:19:38
CAT0858,Garden Supplies 858,2025-04-04 00:19:38
CAT0859,Food Supplies 859,2025-04-17 00:19:38
CAT0860,Sports Accessories 860,2025-08-08 00:19:38
CAT0861,Home Products 861,2025-10-09 00:19:38
CAT0862,Books Products 862,2025-07-17 00:19:38
CAT0863,Pet Series 863,2024-12-02 00:19:38
CAT0864,Food Equipment 864,2025-01-01 00:19:38
CAT0865,Electronics Series 865,2025-10-24 00:19:38
CAT0866,Office Series 866,2025-01-20 00:19:38
CAT0867,Automotive Materials 867,2025-10-27 00:19:38
CAT0868,Arts Collection 868,2025-10-06 00:19:38
CAT0869,Beauty Products 869,2025-08-25 00:19:38
CAT0870,Jewelry Accessories 870,2025-03-17 00:19:38
CAT0871,Toys Collection 871,2024-12-14 00:19:38
CAT0872,Baby Products 872,2025-07-17 00:19:38
CAT0873,Garden Components 873,2025-07-23 00:19:38
CAT0874,Pet Supplies 874,2025-01-21 00:19:38
CAT0875,Jewelry Range 875,2025-01-12 00:19:38
CAT0876,Office Supplies 876,2025-07-03 00:19:38
CAT0877,Sports Components 877,2025-10-18 00:19:38
CAT0878,Shoes Equipment 878,2025-02-12 00:19:38
CAT0879,Home Range 879,2025-05-04 00:19:38
CAT0880,Jewelry Items 880,2025-05-21 00:19:38
CAT0881,Books Goods 881,2025-05-09 00:19:38
CAT0882,Home Collection 882,2025-02-22 00:19:38
CAT0883,Pet Items 883,2025-10-16 00:19:38
CAT0884,Tools Materials 884,2025-10-26 00:19:38
CAT0885,Clothing Items 885,2025-06-15 00:19:38
CAT0886,Baby Line 886,2025-09-18 00:19:38
CAT0887,Beauty Range 887,2025-05-27 00:19:38
CAT0888,Toys Essentials 888,2024-12-23 00:19:38
CAT0889,Sports Accessories 889,2025-07-10 00:19:38
CAT0890,Baby Accessories 890,2025-02-01 00:19:38
CAT0891,Baby Collection 891,2025-10-11 00:19:38
CAT0892,Toys Collection 892,2025-06-04 00:19:38
CAT0893,Jewelry Goods 893,2025-09-01 00:19:38
CAT0894,Health Accessories 894,2025-05-17 00:19:38
CAT0895,Shoes Products 895,2025-06-18 00:19:38
CAT0896,Pet Materials 896,2025-04-12 00:19:38
CAT0897,Pet Accessories 897,2025-04-08 00:19:38
CAT0898,Food Line 898,2025-06-13 00:19:38
CAT0899,Industrial Items 899,2025-10-27 00:19:38
CAT0900,Toys Goods 900,2025-10-15 00:19:38
CAT0901,Health Components 901,2025-08-29 00:19:38
CAT0902,Office Supplies 902,2025-07-11 00:19:38
CAT0903,Health Equipment 903,2025-02-07 00:19:38
CAT0904,Arts Goods 904,2025-02-09 00:19:38
CAT0905,Tools Line 905,2025-07-12 00:19:38
CAT0906,Home Items 906,2025-03-04 00:19:38
CAT0907,Garden Range 907,2025-06-20 00:19:38
CAT0908,Baby Supplies 908,2025-02-14 00:19:38
CAT0909,Garden Items 909,2025-03-12 00:19:38
CAT0910,Electronics Accessories 910,2025-01-06 00:19:38
CAT0911,Sports Materials 911,2025-10-08 00:19:38
CAT0912,Home Products 912,2025-06-04 00:19:38
CAT0913,Music Supplies 913,2025-02-11 00:19:38
CAT0914,Toys Line 914,2025-05-17 00:19:38
CAT0915,Food Essentials 915,2025-02-03 00:19:38
CAT0916,Food Range 916,2025-07-03 00:19:38
CAT0917,Electronics Range 917,2025-08-30 00:19:38
CAT0918,Office Supplies 918,2025-03-08 00:19:38
CAT0919,Baby Equipment 919,2025-09-04 00:19:38
CAT0920,Toys Products 920,2025-03-24 00:19:38
CAT0921,Garden Supplies 921,2025-06-10 00:19:38
CAT0922,Shoes Goods 922,2025-10-05 00:19:38
CAT0923,Tools Goods 923,2024-11-08 00:19:38
CAT0924,Tools Range 924,2025-05-02 00:19:38
CAT0925,Industrial Line 925,2025-01-16 00:19:38
CAT0926,Music Products 926,2025-07-10 00:19:38
CAT0927,Music Accessories 927,2025-02-24 00:19:38
CAT0928,Pet Range 928,2024-12-18 00:19:38
CAT0929,Clothing Line 929,2025-09-21 00:19:38
CAT0930,Pet Materials 930,2025-07-14 00:19:38
CAT0931,Electronics Components 931,2025-09-29 00:19:38
CAT0932,Industrial Collection 932,2025-07-07 00:19:38
CAT0933,Home Accessories 933,2025-04-26 00:19:38
CAT0934,Clothing Components 934,2024-12-16 00:19:38
CAT0935,Office Supplies 935,2025-08-31 00:19:38
CAT0936,Office Line 936,2025-01-06 00:19:38
CAT0937,Jewelry Accessories 937,2025-07-04 00:19:38
CAT0938,Baby Goods 938,2025-01-11 00:19:38
CAT0939,Beauty Series 939,2025-07-08 00:19:38
CAT0940,Home Products 940,2025-08-27 00:19:38
CAT0941,Electronics Essentials 941,2025-09-04 00:19:38
CAT0942,Electronics Collection 942,2025-07-02 00:19:38
CAT0943,Arts Supplies 943,2025-06-05 00:19:38
CAT0944,Food Equipment 944,2025-02-25 00:19:38
CAT0945,Health Products 945,2025-02-16 00:19:38
CAT0946,Music Accessories 946,2025-08-15 00:19:38
CAT0947,Arts Collection 947,2025-01-16 00:19:38
CAT0948,Tools Line 948,2025-04-29 00:19:38
CAT0949,Tools Materials 949,2025-06-14 00:19:38
CAT0950,Shoes Equipment 950,2025-01-20 00:19:38
CAT0951,Baby Accessories 951,2024-12-12 00:19:38
CAT0952,Books Series 952,2025-08-02 00:19:38
CAT0953,Health Materials 953,2025-04-05 00:19:38
CAT0954,Books Components 954,2025-09-24 00:19:38
CAT0955,Health Goods 955,2025-09-22 00:19:38
CAT0956,Industrial Products 956,2025-01-23 00:19:38
CAT0957,Beauty Collection 957,2025-02-23 00:19:38
CAT0958,Tools Materials 958,2025-06-25 00:19:38
CAT0959,Pet Collection 959,2025-08-19 00:19:38
CAT0960,Tools Series 960,2025-03-03 00:19:38
CAT0961,Office Materials 961,2024-12-17 00:19:38
CAT0962,Pet Accessories 962,2024-12-27 00:19:38
CAT0963,Health Accessories 963,2025-05-26 00:19:38
CAT0964,Food Supplies 964,2025-02-06 00:19:38
CAT0965,Sports Range 965,2025-08-24 00:19:38
CAT0966,Industrial Goods 966,2025-07-10 00:19:38
CAT0967,Books Accessories 967,2024-11-21 00:19:38
CAT0968,Industrial Collection 968,2024-12-19 00:19:38
CAT0969,Electronics Materials 969,2025-08-18 00:19:38
CAT0970,Electronics Goods 970,2025-04-09 00:19:38
CAT0971,Garden Line 971,2025-08-05 00:19:38
CAT0972,Arts Collection 972,2025-03-03 00:19:38
CAT0973,Jewelry Range 973,2025-04-21 00:19:38
CAT0974,Jewelry Equipment 974,2025-03-19 00:19:38
CAT0975,Electronics Essentials 975,2025-01-08 00:19:38
CAT0976,Pet Components 976,2025-03-31 00:19:38
CAT0977,Sports Range 977,2025-05-04 00:19:38
CAT0978,Office Accessories 978,2025-07-31 00:19:38
CAT0979,Industrial Collection 979,2025-03-02 00:19:38
CAT0980,Baby Series 980,2025-07-27 00:19:38
CAT0981,Tools Collection 981,2025-10-02 00:19:38
CAT0982,Toys Goods 982,2025-09-13 00:19:38
CAT0983,Jewelry Goods 983,2025-07-10 00:19:38
CAT0984,Tools Components 984,2025-04-24 00:19:38
CAT0985,Toys Essentials 985,2025-06-20 00:19:38
CAT0986,Sports Goods 986,2025-03-19 00:19:38
CAT0987,Garden Collection 987,2025-07-25 00:19:38
CAT0988,Electronics Accessories 988,2025-04-18 00:19:38
CAT0989,Music Series 989,2025-08-01 00:19:38
CAT0990,Garden Goods 990,2025-02-04 00:19:38
CAT0991,Automotive Materials 991,2025-03-16 00:19:38
CAT0992,Food Products 992,2025-01-25 00:19:38
CAT0993,Beauty Range 993,2025-02-10 00:19:38
CAT0994,Automotive Series 994,2025-01-25 00:19:38
CAT0995,Baby Range 995,2025-08-25 00:19:38
CAT0996,Office Accessories 996,2025-07-03 00:19:38
CAT0997,Office Supplies 997,2025-06-17 00:19:38
CAT0998,Books Goods 998,2025-07-22 00:19:38
CAT0999,Clothing Components 999,2025-04-03 00:19:38
CAT1000,Health Supplies 1000,2025-10-03 00:19:38
CAT1001,Pet Materials 1001,2025-06-27 00:19:38
CAT1002,Beauty Goods 1002,2025-10-21 00:19:38
CAT1003,Toys Range 1003,2025-09-21 00:19:38
CAT1004,Clothing Essentials 1004,2025-07-20 00:19:38
CAT1005,Automotive Accessories 1005,2025-05-09 00:19:38
CAT1006,Shoes Equipment 1006,2025-01-03 00:19:38
CAT1007,Home Range 1007,2025-06-28 00:19:38
CAT1008,Clothing Accessories 1008,2025-08-31 00:19:38
CAT1009,Arts Series 1009,2025-03-25 00:19:38
CAT1010,Baby Products 1010,2025-06-21 00:19:38
CAT1011,Baby Components 1011,2025-01-19 00:19:38
CAT1012,Shoes Range 1012,2025-07-10 00:19:38
CAT1013,Health Components 1013,2025-04-08 00:19:38
CAT1014,Baby Products 1014,2025-02-25 00:19:38
CAT1015,Home Accessories 1015,2025-04-13 00:19:38
CAT1016,Home Supplies 1016,2025-03-13 00:19:38
CAT1017,Jewelry Equipment 1017,2025-01-25 00:19:38
CAT1018,Tools Range 1018,2025-08-10 00:19:38
CAT1019,Home Items 1019,2024-11-26 00:19:38
CAT1020,Sports Equipment 1020,2025-01-07 00:19:38
CAT1021,Tools Essentials 1021,2024-11-11 00:19:38
CAT1022,Tools Materials 1022,2025-05-11 00:19:38
CAT1023,Jewelry Materials 1023,2025-09-02 00:19:38
CAT1024,Electronics Collection 1024,2025-09-28 00:19:38
CAT1025,Health Range 1025,2025-08-08 00:19:38
CAT1026,Books Goods 1026,2025-10-04 00:19:38
CAT1027,Home Accessories 1027,2025-10-26 00:19:38
CAT1028,Office Essentials 1028,2025-05-18 00:19:38
CAT1029,Electronics Range 1029,2025-05-16 00:19:38
CAT1030,Music Series 1030,2025-01-24 00:19:38
CAT1031,Toys Equipment 1031,2025-05-07 00:19:38
CAT1032,Clothing Series 1032,2025-01-23 00:19:38
CAT1033,Food Equipment 1033,2025-03-21 00:19:38
CAT1034,Books Range 1034,2025-10-04 00:19:38
CAT1035,Industrial Line 1035,2025-07-09 00:19:38
CAT1036,Clothing Series 1036,2025-07-11 00:19:38
CAT1037,Beauty Goods 1037,2025-08-11 00:19:38
CAT1038,Automotive Essentials 1038,2025-10-30 00:19:38
CAT1039,Industrial Items 1039,2025-06-17 00:19:38
CAT1040,Office Equipment 1040,2025-08-12 00:19:38
CAT1041,Electronics Accessories 1041,2025-08-01 00:19:38
CAT1042,Sports Line 1042,2024-12-29 00:19:38
CAT1043,Home Range 1043,2025-06-19 00:19:38
CAT1044,Tools Materials 1044,2025-06-11 00:19:38
CAT1045,Sports Components 1045,2025-05-03 00:19:38
CAT1046,Music Essentials 1046,2025-07-03 00:19:38
CAT1047,Clothing Accessories 1047,2025-06-20 00:19:38
CAT1048,Clothing Products 1048,2024-12-01 00:19:38
CAT1049,Arts Range 1049,2025-02-04 00:19:38
CAT1050,Music Essentials 1050,2025-04-21 00:19:38
CAT1051,Baby Components 1051,2025-04-08 00:19:38
CAT1052,Toys Goods 1052,2025-06-23 00:19:38
CAT1053,Health Goods 1053,2025-09-12 00:19:38
CAT1054,Shoes Line 1054,2025-05-21 00:19:38
CAT1055,Baby Goods 1055,2025-07-26 00:19:38
CAT1056,Baby Items 1056,2025-01-02 00:19:38
CAT1057,Clothing Essentials 1057,2025-05-15 00:19:38
CAT1058,Garden Supplies 1058,2025-04-22 00:19:38
CAT1059,Health Supplies 1059,2025-10-09 00:19:38
CAT1060,Clothing Materials 1060,2025-01-20 00:19:38
CAT1061,Books Goods 1061,2025-01-04 00:19:38
CAT1062,Baby Materials 1062,2025-04-10 00:19:38
CAT1063,Pet Materials 1063,2025-06-07 00:19:38
CAT1064,Music Supplies 1064,2025-03-16 00:19:38
CAT1065,Tools Goods 1065,2025-09-29 00:19:38
CAT1066,Garden Collection 1066,2025-07-25 00:19:38
CAT1067,Pet Products 1067,2025-07-29 00:19:38
CAT1068,Health Essentials 1068,2025-08-14 00:19:38
CAT1069,Beauty Goods 1069,2025-03-17 00:19:38
CAT1070,Clothing Collection 1070,2025-01-11 00:19:38
CAT1071,Baby Products 1071,2024-11-13 00:19:38
CAT1072,Music Goods 1072,2025-06-08 00:19:38
CAT1073,Arts Line 1073,2025-09-28 00:19:38
CAT1074,Clothing Equipment 1074,2025-07-25 00:19:38
CAT1075,Toys Products 1075,2025-05-23 00:19:38
CAT1076,Industrial Materials 1076,2024-12-16 00:19:38
CAT1077,Arts Essentials 1077,2025-08-31 00:19:38
CAT1078,Arts Supplies 1078,2025-08-05 00:19:38
CAT1079,Arts Supplies 1079,2025-07-26 00:19:38
CAT1080,Electronics Series 1080,2025-03-21 00:19:38
CAT1081,Home Accessories 1081,2025-03-18 00:19:38
CAT1082,Shoes Materials 1082,2025-07-22 00:19:38
CAT1083,Garden Line 1083,2025-04-06 00:19:38
CAT1084,Toys Collection 1084,2025-08-07 00:19:38
CAT1085,Tools Components 1085,2025-07-03 00:19:38
CAT1086,Arts Components 1086,2025-05-03 00:19:38
CAT1087,Health Series 1087,2025-03-26 00:19:38
CAT1088,Automotive Accessories 1088,2025-03-20 00:19:38
CAT1089,Arts Goods 1089,2024-12-29 00:19:38
CAT1090,Toys Range 1090,2025-02-06 00:19:38
CAT1091,Sports Products 1091,2025-09-28 00:19:38
CAT1092,Books Products 1092,2025-06-14 00:19:38
CAT1093,Sports Collection 1093,2025-06-16 00:19:38
CAT1094,Arts Goods 1094,2025-02-24 00:19:38
CAT1095,Garden Essentials 1095,2025-09-02 00:19:38
CAT1096,Jewelry Supplies 1096,2025-06-30 00:19:38
CAT1097,Jewelry Accessories 1097,2025-08-29 00:19:38
CAT1098,Health Series 1098,2025-01-14 00:19:38
CAT1099,Books Range 1099,2025-03-20 00:19:38
CAT1100,Automotive Items 1100,2025-06-01 00:19:38
CAT1101,Home Equipment 1101,2025-01-22 00:19:38
CAT1102,Arts Essentials 1102,2025-01-25 00:19:38
CAT1103,Music Components 1103,2025-06-02 00:19:38
CAT1104,Automotive Line 1104,2025-10-03 00:19:38
CAT1105,Electronics Series 1105,2025-03-06 00:19:38
CAT1106,Shoes Equipment 1106,2025-06-18 00:19:38
CAT1107,Books Line 1107,2025-09-14 00:19:38
CAT1108,Baby Materials 1108,2025-01-27 00:19:38
CAT1109,Music Line 1109,2024-11-14 00:19:38
CAT1110,Shoes Collection 1110,2025-08-31 00:19:38
CAT1111,Office Goods 1111,2025-10-20 00:19:38
CAT1112,Jewelry Materials 1112,2025-08-11 00:19:38
CAT1113,Industrial Products 1113,2025-01-07 00:19:38
CAT1114,Pet Series 1114,2025-07-27 00:19:38
CAT1115,Office Supplies 1115,2025-06-01 00:19:38
CAT1116,Food Essentials 1116,2025-09-10 00:19:38
CAT1117,Home Components 1117,2025-01-21 00:19:38
CAT1118,Baby Series 1118,2025-07-05 00:19:38
CAT1119,Tools Items 1119,2025-10-12 00:19:38
CAT1120,Health Items 1120,2024-12-09 00:19:38
CAT1121,Home Collection 1121,2025-08-13 00:19:38
CAT1122,Automotive Items 1122,2025-03-29 00:19:38
CAT1123,Electronics Components 1123,2025-09-18 00:19:38
CAT1124,Arts Collection 1124,2025-08-09 00:19:38
CAT1125,Health Essentials 1125,2025-10-24 00:19:38
CAT1126,Clothing Materials 1126,2024-12-27 00:19:38
CAT1127,Sports Supplies 1127,2025-10-08 00:19:38
CAT1128,Music Accessories 1128,2025-07-01 00:19:38
CAT1129,Garden Series 1129,2025-06-07 00:19:38
CAT1130,Tools Equipment 1130,2025-02-28 00:19:38
CAT1131,Baby Items 1131,2025-09-28 00:19:38
CAT1132,Home Supplies 1132,2025-03-19 00:19:38
CAT1133,Health Supplies 1133,2025-10-17 00:19:38
CAT1134,Arts Collection 1134,2025-03-24 00:19:38
CAT1135,Books Range 1135,2025-10-22 00:19:38
CAT1136,Industrial Goods 1136,2025-09-16 00:19:38
CAT1137,Shoes Accessories 1137,2025-02-13 00:19:38
CAT1138,Tools Products 1138,2025-07-16 00:19:38
CAT1139,Beauty Collection 1139,2025-09-23 00:19:38
CAT1140,Sports Items 1140,2025-06-18 00:19:38
CAT1141,Music Products 1141,2025-06-17 00:19:38
CAT1142,Beauty Essentials 1142,2025-04-26 00:19:38
CAT1143,Pet Line 1143,2024-11-12 00:19:38
CAT1144,Food Line 1144,2025-01-27 00:19:38
CAT1145,Health Line 1145,2024-12-29 00:19:38
CAT1146,Automotive Essentials 1146,2025-03-10 00:19:38
CAT1147,Beauty Collection 1147,2025-03-21 00:19:38
CAT1148,Electronics Materials 1148,2025-02-19 00:19:38
CAT1149,Jewelry Components 1149,2024-12-30 00:19:38
CAT1150,Baby Supplies 1150,2025-07-30 00:19:38
CAT1151,Home Items 1151,2025-01-26 00:19:38
CAT1152,Sports Materials 1152,2025-02-01 00:19:38
CAT1153,Arts Range 1153,2025-07-18 00:19:38
CAT1154,Music Range 1154,2024-12-22 00:19:38
CAT1155,Garden Essentials 1155,2025-09-20 00:19:38
CAT1156,Electronics Collection 1156,2025-08-15 00:19:38
CAT1157,Electronics Series 1157,2025-11-07 00:19:38
CAT1158,Books Products 1158,2024-11-26 00:19:38
CAT1159,Shoes Products 1159,2025-08-12 00:19:38
CAT1160,Clothing Goods 1160,2025-04-03 00:19:38
CAT1161,Music Range 1161,2025-09-20 00:19:38
CAT1162,Shoes Supplies 1162,2025-02-07 00:19:38
CAT1163,Beauty Collection 1163,2025-07-03 00:19:38
CAT1164,Shoes Accessories 1164,2025-07-29 00:19:38
CAT1165,Health Range 1165,2025-02-10 00:19:38
CAT1166,Music Essentials 1166,2025-06-17 00:19:38
CAT1167,Baby Line 1167,2025-05-14 00:19:38
CAT1168,Garden Line 1168,2025-02-13 00:19:38
CAT1169,Sports Goods 1169,2025-01-03 00:19:38
CAT1170,Shoes Items 1170,2025-06-04 00:19:38
CAT1171,Tools Supplies 1171,2024-12-08 00:19:38
CAT1172,Office Line 1172,2025-03-15 00:19:38
CAT1173,Music Essentials 1173,2025-03-27 00:19:38
CAT1174,Pet Items 1174,2025-01-13 00:19:38
CAT1175,Office Materials 1175,2024-12-01 00:19:38
CAT1176,Baby Items 1176,2025-01-17 00:19:38
CAT1177,Garden Components 1177,2024-11-25 00:19:38
CAT1178,Industrial Supplies 1178,2024-11-20 00:19:38
CAT1179,Garden Collection 1179,2025-03-02 00:19:38
CAT1180,Toys Essentials 1180,2025-04-13 00:19:38
CAT1181,Automotive Supplies 1181,2025-01-20 00:19:38
CAT1182,Office Equipment 1182,2025-08-19 00:19:38
CAT1183,Books Accessories 1183,2025-10-03 00:19:38
CAT1184,Sports Items 1184,2025-09-26 00:19:38
CAT1185,Industrial Goods 1185,2025-05-27 00:19:38
CAT1186,Tools Collection 1186,2025-09-26 00:19:38
CAT1187,Toys Range 1187,2024-11-12 00:19:38
CAT1188,Books Equipment 1188,2025-04-01 00:19:38
CAT1189,Toys Components 1189,2024-12-29 00:19:38
CAT1190,Arts Range 1190,2025-02-16 00:19:38
CAT1191,Garden Range 1191,2025-03-11 00:19:38
CAT1192,Electronics Materials 1192,2025-01-19 00:19:38
CAT1193,Baby Essentials 1193,2025-10-17 00:19:38
CAT1194,Arts Supplies 1194,2025-03-21 00:19:38
CAT1195,Pet Line 1195,2025-06-03 00:19:38
CAT1196,Books Products 1196,2025-03-13 00:19:38
CAT1197,Tools Series 1197,2025-04-28 00:19:38
CAT1198,Toys Items 1198,2025-04-16 00:19:38
CAT1199,Garden Components 1199,2025-05-31 00:19:38
CAT1200,Clothing Essentials 1200,2025-01-14 00:19:38
CAT1201,Beauty Components 1201,2025-07-20 00:19:38
CAT1202,Home Equipment 1202,2025-11-03 00:19:38
CAT1203,Arts Line 1203,2025-04-28 00:19:38
CAT1204,Tools Components 1204,2025-05-15 00:19:38
CAT1205,Office Supplies 1205,2025-07-17 00:19:38
CAT1206,Tools Accessories 1206,2024-11-30 00:19:38
CAT1207,Automotive Products 1207,2025-09-27 00:19:38
CAT1208,Garden Supplies 1208,2024-12-09 00:19:38
CAT1209,Music Supplies 1209,2025-04-06 00:19:38
CAT1210,Health Goods 1210,2025-05-17 00:19:38
CAT1211,Industrial Supplies 1211,2025-08-19 00:19:38
CAT1212,Music Accessories 1212,2025-07-14 00:19:38
CAT1213,Health Components 1213,2025-03-03 00:19:38
CAT1214,Beauty Supplies 1214,2024-12-31 00:19:38
CAT1215,Tools Collection 1215,2025-10-13 00:19:38
CAT1216,Music Supplies 1216,2025-04-07 00:19:38
CAT1217,Garden Goods 1217,2024-12-18 00:19:38
CAT1218,Jewelry Components 1218,2025-05-27 00:19:38
CAT1219,Books Series 1219,2025-09-27 00:19:38
CAT1220,Toys Supplies 1220,2025-06-05 00:19:38
CAT1221,Baby Essentials 1221,2025-02-07 00:19:38
CAT1222,Pet Essentials 1222,2025-08-10 00:19:38
CAT1223,Clothing Supplies 1223,2025-09-01 00:19:38
CAT1224,Arts Items 1224,2025-01-06 00:19:38
CAT1225,Industrial Items 1225,2025-07-12 00:19:38
CAT1226,Industrial Collection 1226,2025-03-03 00:19:38
CAT1227,Books Products 1227,2024-11-09 00:19:38
CAT1228,Tools Components 1228,2024-12-12 00:19:38
CAT1229,Jewelry Goods 1229,2025-02-22 00:19:38
CAT1230,Clothing Products 1230,2025-06-18 00:19:38
CAT1231,Jewelry Line 1231,2025-01-31 00:19:38
CAT1232,Jewelry Supplies 1232,2025-02-23 00:19:38
CAT1233,Health Accessories 1233,2024-12-26 00:19:38
CAT1234,Jewelry Collection 1234,2024-11-15 00:19:38
CAT1235,Baby Components 1235,2025-06-09 00:19:38
CAT1236,Toys Products 1236,2025-07-22 00:19:38
CAT1237,Food Components 1237,2025-04-02 00:19:38
CAT1238,Electronics Essentials 1238,2025-02-03 00:19:38
CAT1239,Pet Line 1239,2025-06-17 00:19:38
CAT1240,Baby Materials 1240,2024-12-31 00:19:38
CAT1241,Industrial Supplies 1241,2025-03-29 00:19:38
CAT1242,Jewelry Accessories 1242,2025-07-31 00:19:38
CAT1243,Jewelry Materials 1243,2025-01-11 00:19:38
CAT1244,Jewelry Series 1244,2025-04-17 00:19:38
CAT1245,Jewelry Components 1245,2025-07-16 00:19:38
CAT1246,Books Products 1246,2025-11-03 00:19:38
CAT1247,Food Accessories 1247,2025-08-17 00:19:38
CAT1248,Books Goods 1248,2024-11-20 00:19:38
CAT1249,Jewelry Supplies 1249,2025-10-04 00:19:38
CAT1250,Industrial Range 1250,2025-03-15 00:19:38
CAT1251,Shoes Materials 1251,2025-04-24 00:19:38
CAT1252,Pet Essentials 1252,2025-10-09 00:19:38
CAT1253,Sports Collection 1253,2025-03-27 00:19:38
CAT1254,Office Products 1254,2024-12-25 00:19:38
CAT1255,Industrial Collection 1255,2025-01-13 00:19:38
CAT1256,Automotive Supplies 1256,2025-02-05 00:19:38
CAT1257,Home Range 1257,2025-08-02 00:19:38
CAT1258,Music Series 1258,2025-02-25 00:19:38
CAT1259,Industrial Series 1259,2025-04-22 00:19:38
CAT1260,Shoes Materials 1260,2025-09-15 00:19:38
CAT1261,Office Goods 1261,2025-02-06 00:19:38
CAT1262,Clothing Materials 1262,2025-09-22 00:19:38
CAT1263,Clothing Range 1263,2025-09-14 00:19:38
CAT1264,Baby Collection 1264,2025-10-02 00:19:38
CAT1265,Arts Collection 1265,2025-05-13 00:19:38
CAT1266,Tools Line 1266,2025-07-19 00:19:38
CAT1267,Home Collection 1267,2025-08-01 00:19:38
CAT1268,Shoes Materials 1268,2025-06-27 00:19:38
CAT1269,Toys Collection 1269,2025-01-21 00:19:38
CAT1270,Shoes Equipment 1270,2025-09-07 00:19:38
CAT1271,Beauty Collection 1271,2025-02-21 00:19:38
CAT1272,Jewelry Goods 1272,2025-01-27 00:19:38
CAT1273,Books Essentials 1273,2024-12-09 00:19:38
CAT1274,Books Components 1274,2025-07-26 00:19:38
CAT1275,Home Supplies 1275,2025-02-23 00:19:38
CAT1276,Music Components 1276,2025-09-29 00:19:38
CAT1277,Beauty Supplies 1277,2024-11-15 00:19:38
CAT1278,Toys Goods 1278,2025-04-15 00:19:38
CAT1279,Automotive Products 1279,2025-07-20 00:19:38
CAT1280,Sports Collection 1280,2024-11-11 00:19:38
CAT1281,Home Collection 1281,2025-04-14 00:19:38
CAT1282,Tools Collection 1282,2025-01-07 00:19:38
CAT1283,Pet Essentials 1283,2025-06-16 00:19:38
CAT1284,Books Line 1284,2025-05-14 00:19:38
CAT1285,Clothing Items 1285,2025-08-26 00:19:38
CAT1286,Food Collection 1286,2024-11-25 00:19:38
CAT1287,Sports Products 1287,2025-01-29 00:19:38
CAT1288,Baby Essentials 1288,2025-04-01 00:19:38
CAT1289,Office Materials 1289,2025-01-28 00:19:38
CAT1290,Clothing Essentials 1290,2025-06-24 00:19:38
CAT1291,Shoes Supplies 1291,2024-12-14 00:19:38
CAT1292,Health Collection 1292,2025-04-24 00:19:38
CAT1293,Baby Components 1293,2025-10-11 00:19:38
CAT1294,Tools Components 1294,2025-07-14 00:19:38
CAT1295,Arts Series 1295,2025-06-26 00:19:38
CAT1296,Music Range 1296,2024-12-30 00:19:38
CAT1297,Home Range 1297,2025-07-14 00:19:38
CAT1298,Electronics Items 1298,2025-09-25 00:19:38
CAT1299,Health Line 1299,2025-03-06 00:19:38
CAT1300,Electronics Series 1300,2025-08-18 00:19:38
CAT1301,Jewelry Components 1301,2025-05-24 00:19:38
CAT1302,Home Equipment 1302,2025-01-06 00:19:38
CAT1303,Automotive Range 1303,2024-11-25 00:19:38
CAT1304,Office Supplies 1304,2025-02-24 00:19:38
CAT1305,Garden Range 1305,2025-04-14 00:19:38
CAT1306,Food Essentials 1306,2025-10-02 00:19:38
CAT1307,Automotive Collection 1307,2025-08-08 00:19:38
CAT1308,Office Range 1308,2025-04-02 00:19:38
CAT1309,Electronics Materials 1309,2025-08-02 00:19:38
CAT1310,Jewelry Essentials 1310,2025-01-07 00:19:38
CAT1311,Toys Equipment 1311,2025-08-13 00:19:38
CAT1312,Shoes Collection 1312,2025-06-27 00:19:38
CAT1313,Beauty Items 1313,2025-10-21 00:19:38
CAT1314,Toys Range 1314,2025-09-29 00:19:38
CAT1315,Food Range 1315,2025-06-13 00:19:38
CAT1316,Music Accessories 1316,2025-04-26 00:19:38
CAT1317,Tools Materials 1317,2025-03-17 00:19:38
CAT1318,Music Materials 1318,2025-02-18 00:19:38
CAT1319,Food Series 1319,2025-10-12 00:19:38
CAT1320,Clothing Range 1320,2025-04-27 00:19:38
CAT1321,Health Equipment 1321,2025-07-15 00:19:38
CAT1322,Tools Accessories 1322,2025-05-29 00:19:38
CAT1323,Baby Products 1323,2025-03-02 00:19:38
CAT1324,Music Items 1324,2024-12-31 00:19:38
CAT1325,Office Essentials 1325,2025-10-26 00:19:38
CAT1326,Garden Accessories 1326,2025-08-06 00:19:38
CAT1327,Tools Line 1327,2025-08-22 00:19:38
CAT1328,Arts Goods 1328,2025-10-20 00:19:38
CAT1329,Home Series 1329,2024-12-03 00:19:38
CAT1330,Arts Items 1330,2025-07-24 00:19:38
CAT1331,Home Line 1331,2025-04-06 00:19:38
CAT1332,Music Range 1332,2024-12-03 00:19:38
CAT1333,Electronics Goods 1333,2025-01-26 00:19:38
CAT1334,Toys Essentials 1334,2024-11-21 00:19:38
CAT1335,Toys Series 1335,2025-07-04 00:19:38
CAT1336,Food Range 1336,2025-05-26 00:19:38
CAT1337,Toys Accessories 1337,2025-01-24 00:19:38
CAT1338,Toys Goods 1338,2024-11-22 00:19:38
CAT1339,Books Accessories 1339,2025-08-17 00:19:38
CAT1340,Jewelry Essentials 1340,2025-03-25 00:19:38
CAT1341,Clothing Series 1341,2025-06-12 00:19:38
CAT1342,Sports Line 1342,2025-03-10 00:19:38
CAT1343,Arts Items 1343,2025-02-12 00:19:38
CAT1344,Home Line 1344,2025-10-26 00:19:38
CAT1345,Home Line 1345,2024-11-24 00:19:38
CAT1346,Baby Essentials 1346,2025-03-29 00:19:38
CAT1347,Arts Essentials 1347,2025-04-28 00:19:38
CAT1348,Arts Materials 1348,2025-11-05 00:19:38
CAT1349,Books Materials 1349,2025-01-14 00:19:38
CAT1350,Tools Accessories 1350,2025-03-18 00:19:38
CAT1351,Electronics Essentials 1351,2025-07-07 00:19:38
CAT1352,Garden Line 1352,2025-02-22 00:19:38
CAT1353,Tools Components 1353,2025-07-16 00:19:38
CAT1354,Automotive Goods 1354,2025-05-03 00:19:38
CAT1355,Electronics Essentials 1355,2025-05-23 00:19:38
CAT1356,Home Series 1356,2025-05-14 00:19:38
CAT1357,Home Line 1357,2024-12-09 00:19:38
CAT1358,Arts Range 1358,2025-06-29 00:19:38
CAT1359,Tools Products 1359,2025-10-05 00:19:38
CAT1360,Beauty Line 1360,2025-05-16 00:19:38
CAT1361,Books Accessories 1361,2025-09-23 00:19:38
CAT1362,Pet Equipment 1362,2025-01-14 00:19:38
CAT1363,Home Line 1363,2025-10-07 00:19:38
CAT1364,Office Line 1364,2025-06-15 00:19:38
CAT1365,Health Series 1365,2025-04-05 00:19:38
CAT1366,Shoes Supplies 1366,2025-02-18 00:19:38
CAT1367,Sports Items 1367,2024-12-08 00:19:38
CAT1368,Books Materials 1368,2025-08-01 00:19:38
CAT1369,Food Items 1369,2025-08-08 00:19:38
CAT1370,Garden Items 1370,2025-10-09 00:19:38
CAT1371,Industrial Equipment 1371,2025-02-21 00:19:38
CAT1372,Food Products 1372,2025-01-28 00:19:38
CAT1373,Arts Equipment 1373,2024-12-02 00:19:38
CAT1374,Books Accessories 1374,2025-03-10 00:19:38
CAT1375,Clothing Accessories 1375,2024-12-19 00:19:38
CAT1376,Tools Materials 1376,2025-06-01 00:19:38
CAT1377,Office Line 1377,2025-07-21 00:19:38
CAT1378,Office Series 1378,2025-04-11 00:19:38
CAT1379,Toys Essentials 1379,2025-01-30 00:19:38
CAT1380,Arts Supplies 1380,2025-05-20 00:19:38
CAT1381,Music Goods 1381,2025-07-10 00:19:38
CAT1382,Automotive Collection 1382,2025-07-09 00:19:38
CAT1383,Industrial Essentials 1383,2025-06-07 00:19:38
CAT1384,Health Supplies 1384,2025-07-10 00:19:38
CAT1385,Industrial Materials 1385,2025-03-21 00:19:38
CAT1386,Books Range 1386,2025-07-27 00:19:38
CAT1387,Health Goods 1387,2024-11-13 00:19:38
CAT1388,Industrial Items 1388,2025-04-18 00:19:38
CAT1389,Arts Products 1389,2025-02-13 00:19:38
CAT1390,Pet Equipment 1390,2025-09-09 00:19:38
CAT1391,Music Supplies 1391,2024-12-18 00:19:38
CAT1392,Industrial Accessories 1392,2024-11-30 00:19:38
CAT1393,Industrial Components 1393,2025-03-02 00:19:38
CAT1394,Garden Accessories 1394,2025-03-28 00:19:38
CAT1395,Food Items 1395,2024-11-18 00:19:38
CAT1396,Baby Series 1396,2024-12-22 00:19:38
CAT1397,Automotive Materials 1397,2025-05-09 00:19:38
CAT1398,Health Collection 1398,2024-11-26 00:19:38
CAT1399,Industrial Materials 1399,2025-01-30 00:19:38
CAT1400,Toys Collection 1400,2025-05-03 00:19:38
CAT1401,Automotive Items 1401,2025-08-26 00:19:38
CAT1402,Music Range 1402,2025-01-25 00:19:38
CAT1403,Pet Range 1403,2025-03-04 00:19:38
CAT1404,Garden Essentials 1404,2025-07-17 00:19:38
CAT1405,Jewelry Products 1405,2025-05-28 00:19:38
CAT1406,Pet Goods 1406,2025-10-14 00:19:38
CAT1407,Shoes Products 1407,2025-06-03 00:19:38
CAT1408,Jewelry Components 1408,2024-12-04 00:19:38
CAT1409,Baby Components 1409,2025-03-26 00:19:38
CAT1410,Automotive Series 1410,2025-05-01 00:19:38
CAT1411,Toys Collection 1411,2025-08-07 00:19:38
CAT1412,Music Goods 1412,2025-06-26 00:19:38
CAT1413,Industrial Components 1413,2025-03-08 00:19:38
CAT1414,Pet Equipment 1414,2025-11-08 00:19:38
CAT1415,Books Collection 1415,2025-07-26 00:19:38
CAT1416,Baby Items 1416,2025-07-05 00:19:38
CAT1417,Pet Essentials 1417,2024-12-10 00:19:38
CAT1418,Industrial Collection 1418,2025-04-19 00:19:38
CAT1419,Tools Essentials 1419,2025-03-23 00:19:38
CAT1420,Baby Range 1420,2025-01-13 00:19:38
CAT1421,Garden Equipment 1421,2024-11-14 00:19:38
CAT1422,Automotive Supplies 1422,2025-01-25 00:19:38
CAT1423,Food Goods 1423,2025-03-15 00:19:38
CAT1424,Sports Products 1424,2025-03-19 00:19:38
CAT1425,Garden Range 1425,2025-01-03 00:19:38
CAT1426,Automotive Components 1426,2025-05-04 00:19:38
CAT1427,Books Collection 1427,2025-11-08 00:19:38
CAT1428,Tools Goods 1428,2025-03-18 00:19:38
CAT1429,Arts Collection 1429,2025-07-30 00:19:38
CAT1430,Toys Items 1430,2025-09-13 00:19:38
CAT1431,Beauty Accessories 1431,2025-05-09 00:19:38
CAT1432,Pet Series 1432,2025-11-02 00:19:38
CAT1433,Books Products 1433,2025-04-25 00:19:38
CAT1434,Sports Components 1434,2025-07-29 00:19:38
CAT1435,Industrial Materials 1435,2025-08-28 00:19:38
CAT1436,Clothing Items 1436,2024-11-30 00:19:38
CAT1437,Health Collection 1437,2025-10-11 00:19:38
CAT1438,Jewelry Components 1438,2025-02-06 00:19:38
CAT1439,Toys Items 1439,2024-12-10 00:19:38
CAT1440,Beauty Components 1440,2025-06-07 00:19:38
CAT1441,Toys Supplies 1441,2025-10-20 00:19:38
CAT1442,Tools Goods 1442,2025-03-11 00:19:38
CAT1443,Books Accessories 1443,2024-11-19 00:19:38
CAT1444,Music Goods 1444,2025-06-08 00:19:38
CAT1445,Toys Materials 1445,2025-06-01 00:19:38
CAT1446,Shoes Products 1446,2024-12-04 00:19:38
CAT1447,Toys Essentials 1447,2024-12-08 00:19:38
CAT1448,Beauty Products 1448,2024-11-08 00:19:38
CAT1449,Sports Accessories 1449,2024-11-21 00:19:38
CAT1450,Industrial Components 1450,2024-11-29 00:19:38
CAT1451,Toys Products 1451,2025-02-10 00:19:38
CAT1452,Garden Components 1452,2025-01-22 00:19:38
CAT1453,Industrial Collection 1453,2025-09-19 00:19:38
CAT1454,Pet Equipment 1454,2025-04-29 00:19:38
CAT1455,Shoes Series 1455,2025-09-20 00:19:38
CAT1456,Pet Supplies 1456,2025-10-18 00:19:38
CAT1457,Toys Products 1457,2024-12-25 00:19:38
CAT1458,Industrial Range 1458,2024-12-03 00:19:38
CAT1459,Office Supplies 1459,2025-03-29 00:19:38
CAT1460,Automotive Collection 1460,2024-12-16 00:19:38
CAT1461,Music Series 1461,2025-09-14 00:19:38
CAT1462,Shoes Items 1462,2025-09-03 00:19:38
CAT1463,Tools Essentials 1463,2025-03-01 00:19:38
CAT1464,Health Goods 1464,2025-06-26 00:19:38
CAT1465,Electronics Components 1465,2025-03-25 00:19:38
CAT1466,Automotive Products 1466,2024-11-24 00:19:38
CAT1467,Arts Equipment 1467,2024-12-05 00:19:38
CAT1468,Baby Items 1468,2025-05-10 00:19:38
CAT1469,Shoes Essentials 1469,2025-01-12 00:19:38
CAT1470,Baby Components 1470,2025-06-06 00:19:38
CAT1471,Shoes Accessories 1471,2025-03-26 00:19:38
CAT1472,Shoes Goods 1472,2025-08-27 00:19:38
CAT1473,Health Items 1473,2025-02-11 00:19:38
CAT1474,Jewelry Components 1474,2025-10-27 00:19:38
CAT1475,Garden Components 1475,2025-10-12 00:19:38
CAT1476,Music Supplies 1476,2025-10-18 00:19:38
CAT1477,Music Range 1477,2025-06-30 00:19:38
CAT1478,Home Series 1478,2025-04-21 00:19:38
CAT1479,Beauty Equipment 1479,2025-02-17 00:19:38
CAT1480,Garden Line 1480,2025-06-25 00:19:38
CAT1481,Health Products 1481,2025-04-15 00:19:38
CAT1482,Food Range 1482,2025-04-22 00:19:38
CAT1483,Shoes Supplies 1483,2025-11-02 00:19:38
CAT1484,Jewelry Range 1484,2025-11-06 00:19:38
CAT1485,Toys Essentials 1485,2025-06-19 00:19:38
CAT1486,Electronics Equipment 1486,2025-01-06 00:19:38
CAT1487,Industrial Essentials 1487,2024-12-16 00:19:38
CAT1488,Music Items 1488,2025-08-08 00:19:38
CAT1489,Books Equipment 1489,2025-03-03 00:19:38
CAT1490,Jewelry Range 1490,2025-07-27 00:19:38
CAT1491,Pet Components 1491,2025-01-16 00:19:38
CAT1492,Clothing Accessories 1492,2025-01-01 00:19:38
CAT1493,Automotive Materials 1493,2025-05-04 00:19:38
CAT1494,Health Essentials 1494,2024-11-15 00:19:38
CAT1495,Food Collection 1495,2025-03-10 00:19:38
CAT1496,Health Line 1496,2025-06-01 00:19:38
CAT1497,Office Goods 1497,2025-05-17 00:19:38
CAT1498,Automotive Supplies 1498,2025-05-30 00:19:38
CAT1499,Tools Collection 1499,2025-10-23 00:19:38
CAT1500,Pet Essentials 1500,2025-01-24 00:19:38
CAT1501,Home Line 1501,2025-11-03 00:19:38
CAT1502,Pet Range 1502,2024-12-23 00:19:38
CAT1503,Food Essentials 1503,2025-06-12 00:19:38
CAT1504,Tools Range 1504,2025-06-04 00:19:38
CAT1505,Garden Accessories 1505,2025-04-19 00:19:38
CAT1506,Sports Items 1506,2025-03-18 00:19:38
CAT1507,Home Accessories 1507,2024-11-17 00:19:38
CAT1508,Tools Essentials 1508,2025-06-28 00:19:38
CAT1509,Music Essentials 1509,2025-05-19 00:19:38
CAT1510,Health Supplies 1510,2025-07-25 00:19:38
CAT1511,Home Line 1511,2025-05-19 00:19:38
CAT1512,Beauty Items 1512,2025-03-25 00:19:38
CAT1513,Books Range 1513,2025-05-10 00:19:38
CAT1514,Pet Line 1514,2025-07-18 00:19:38
CAT1515,Automotive Items 1515,2025-07-12 00:19:38
CAT1516,Arts Goods 1516,2025-06-25 00:19:38
CAT1517,Beauty Items 1517,2025-07-14 00:19:38
CAT1518,Arts Equipment 1518,2025-02-14 00:19:38
CAT1519,Music Materials 1519,2025-07-05 00:19:38
CAT1520,Books Essentials 1520,2025-01-02 00:19:38
CAT1521,Sports Line 1521,2025-02-08 00:19:38
CAT1522,Automotive Components 1522,2025-03-25 00:19:38
CAT1523,Electronics Products 1523,2025-01-05 00:19:38
CAT1524,Industrial Items 1524,2025-05-21 00:19:38
CAT1525,Industrial Accessories 1525,2025-07-22 00:19:38
CAT1526,Garden Range 1526,2025-08-21 00:19:38
CAT1527,Baby Supplies 1527,2025-03-16 00:19:38
CAT1528,Tools Collection 1528,2025-04-10 00:19:38
CAT1529,Toys Components 1529,2025-06-12 00:19:38
CAT1530,Industrial Components 1530,2025-10-03 00:19:38
CAT1531,Electronics Essentials 1531,2025-01-17 00:19:38
CAT1532,Music Goods 1532,2024-11-09 00:19:38
CAT1533,Music Products 1533,2025-11-07 00:19:38
CAT1534,Automotive Items 1534,2025-07-08 00:19:38
CAT1535,Automotive Goods 1535,2025-10-26 00:19:38
CAT1536,Garden Products 1536,2025-02-02 00:19:38
CAT1537,Food Components 1537,2025-10-25 00:19:38
CAT1538,Shoes Goods 1538,2025-11-03 00:19:38
CAT1539,Home Line 1539,2025-07-02 00:19:38
CAT1540,Shoes Components 1540,2025-08-22 00:19:38
CAT1541,Home Line 1541,2025-01-14 00:19:38
CAT1542,Electronics Supplies 1542,2025-10-04 00:19:38
CAT1543,Toys Supplies 1543,2025-02-14 00:19:38
CAT1544,Jewelry Components 1544,2025-04-26 00:19:38
CAT1545,Automotive Collection 1545,2025-05-11 00:19:38
CAT1546,Music Line 1546,2025-07-11 00:19:38
CAT1547,Jewelry Range 1547,2025-05-10 00:19:38
CAT1548,Electronics Materials 1548,2025-05-03 00:19:38
CAT1549,Industrial Equipment 1549,2025-04-04 00:19:38
CAT1550,Jewelry Collection 1550,2025-04-30 00:19:38
CAT1551,Home Equipment 1551,2025-03-09 00:19:38
CAT1552,Tools Line 1552,2025-02-23 00:19:38
CAT1553,Health Supplies 1553,2025-10-25 00:19:38
CAT1554,Electronics Items 1554,2025-10-24 00:19:38
CAT1555,Baby Items 1555,2025-03-23 00:19:38
CAT1556,Industrial Goods 1556,2025-10-23 00:19:38
CAT1557,Garden Products 1557,2024-12-20 00:19:38
CAT1558,Electronics Collection 1558,2025-04-06 00:19:38
CAT1559,Home Line 1559,2024-12-05 00:19:38
CAT1560,Garden Supplies 1560,2025-08-15 00:19:38
CAT1561,Toys Items 1561,2025-03-23 00:19:38
CAT1562,Health Materials 1562,2025-10-23 00:19:38
CAT1563,Food Collection 1563,2025-07-13 00:19:38
CAT1564,Pet Materials 1564,2025-09-20 00:19:38
CAT1565,Food Collection 1565,2025-06-02 00:19:38
CAT1566,Pet Range 1566,2025-08-07 00:19:38
CAT1567,Pet Collection 1567,2024-12-25 00:19:38
CAT1568,Tools Products 1568,2025-02-28 00:19:38
CAT1569,Automotive Items 1569,2025-09-22 00:19:38
CAT1570,Home Accessories 1570,2025-03-15 00:19:38
CAT1571,Industrial Components 1571,2024-12-08 00:19:38
CAT1572,Automotive Accessories 1572,2025-03-04 00:19:38
CAT1573,Sports Accessories 1573,2025-02-17 00:19:38
CAT1574,Clothing Products 1574,2025-03-25 00:19:38
CAT1575,Clothing Accessories 1575,2025-06-02 00:19:38
CAT1576,Health Essentials 1576,2025-06-08 00:19:38
CAT1577,Tools Collection 1577,2025-04-09 00:19:38
CAT1578,Music Accessories 1578,2024-12-29 00:19:38
CAT1579,Toys Supplies 1579,2024-11-17 00:19:38
CAT1580,Food Range 1580,2025-08-25 00:19:38
CAT1581,Automotive Equipment 1581,2025-02-27 00:19:38
CAT1582,Beauty Series 1582,2025-02-04 00:19:38
CAT1583,Electronics Materials 1583,2025-02-15 00:19:38
CAT1584,Electronics Range 1584,2025-07-30 00:19:38
CAT1585,Health Line 1585,2024-11-16 00:19:38
CAT1586,Pet Materials 1586,2025-05-02 00:19:38
CAT1587,Music Collection 1587,2024-12-28 00:19:38
CAT1588,Garden Materials 1588,2025-01-30 00:19:38
CAT1589,Arts Materials 1589,2024-11-14 00:19:38
CAT1590,Home Goods 1590,2025-04-16 00:19:38
CAT1591,Pet Equipment 1591,2025-04-21 00:19:38
CAT1592,Garden Range 1592,2025-05-11 00:19:38
CAT1593,Books Line 1593,2025-02-25 00:19:38
CAT1594,Health Accessories 1594,2025-03-10 00:19:38
CAT1595,Music Accessories 1595,2025-05-16 00:19:38
CAT1596,Baby Accessories 1596,2025-06-14 00:19:38
CAT1597,Home Series 1597,2025-10-02 00:19:38
CAT1598,Electronics Goods 1598,2024-11-12 00:19:38
CAT1599,Baby Essentials 1599,2025-04-19 00:19:38
CAT1600,Electronics Essentials 1600,2025-08-13 00:19:38
CAT1601,Pet Essentials 1601,2025-05-14 00:19:38
CAT1602,Clothing Essentials 1602,2025-11-08 00:19:38
CAT1603,Arts Series 1603,2025-01-02 00:19:38
CAT1604,Pet Series 1604,2024-11-18 00:19:38
CAT1605,Office Items 1605,2025-06-12 00:19:38
CAT1606,Books Goods 1606,2025-07-21 00:19:38
CAT1607,Music Items 1607,2025-10-03 00:19:38
CAT1608,Food Products 1608,2025-05-13 00:19:38
CAT1609,Garden Supplies 1609,2025-09-06 00:19:38
CAT1610,Sports Range 1610,2025-03-05 00:19:38
CAT1611,Beauty Components 1611,2024-12-20 00:19:38
CAT1612,Automotive Materials 1612,2025-03-01 00:19:38
CAT1613,Tools Materials 1613,2025-02-07 00:19:38
CAT1614,Food Series 1614,2025-09-30 00:19:38
CAT1615,Toys Essentials 1615,2024-11-28 00:19:38
CAT1616,Baby Range 1616,2025-01-04 00:19:38
CAT1617,Home Products 1617,2025-03-20 00:19:38
CAT1618,Pet Collection 1618,2025-10-01 00:19:38
CAT1619,Electronics Goods 1619,2025-03-04 00:19:38
CAT1620,Office Products 1620,2025-05-31 00:19:38
CAT1621,Automotive Components 1621,2025-02-21 00:19:38
CAT1622,Tools Essentials 1622,2025-07-09 00:19:38
CAT1623,Arts Essentials 1623,2025-01-22 00:19:38
CAT1624,Baby Items 1624,2025-02-03 00:19:38
CAT1625,Books Accessories 1625,2025-09-03 00:19:38
CAT1626,Garden Components 1626,2025-04-14 00:19:38
CAT1627,Automotive Equipment 1627,2025-07-28 00:19:38
CAT1628,Jewelry Series 1628,2025-10-10 00:19:38
CAT1629,Toys Supplies 1629,2025-07-24 00:19:38
CAT1630,Baby Range 1630,2025-04-12 00:19:38
CAT1631,Food Items 1631,2025-04-14 00:19:38
CAT1632,Pet Components 1632,2025-05-09 00:19:38
CAT1633,Clothing Series 1633,2025-02-27 00:19:38
CAT1634,Music Essentials 1634,2025-06-23 00:19:38
CAT1635,Food Series 1635,2025-01-27 00:19:38
CAT1636,Garden Components 1636,2025-09-04 00:19:38
CAT1637,Home Series 1637,2025-08-19 00:19:38
CAT1638,Shoes Supplies 1638,2025-09-27 00:19:38
CAT1639,Toys Items 1639,2025-06-28 00:19:38
CAT1640,Automotive Range 1640,2025-10-21 00:19:38
CAT1641,Pet Collection 1641,2025-08-29 00:19:38
CAT1642,Jewelry Goods 1642,2025-10-21 00:19:38
CAT1643,Jewelry Line 1643,2025-05-25 00:19:38
CAT1644,Pet Essentials 1644,2025-07-30 00:19:38
CAT1645,Tools Components 1645,2025-06-02 00:19:38
CAT1646,Books Accessories 1646,2024-12-26 00:19:38
CAT1647,Tools Collection 1647,2024-11-09 00:19:38
CAT1648,Baby Supplies 1648,2025-04-21 00:19:38
CAT1649,Pet Components 1649,2025-09-17 00:19:38
CAT1650,Shoes Essentials 1650,2024-11-25 00:19:38
CAT1651,Health Supplies 1651,2025-07-26 00:19:38
CAT1652,Home Supplies 1652,2025-08-29 00:19:38
CAT1653,Jewelry Supplies 1653,2025-05-03 00:19:38
CAT1654,Home Series 1654,2025-01-12 00:19:38
CAT1655,Health Goods 1655,2025-09-07 00:19:38
CAT1656,Automotive Supplies 1656,2025-06-22 00:19:38
CAT1657,Shoes Supplies 1657,2025-09-11 00:19:38
CAT1658,Automotive Materials 1658,2024-11-17 00:19:38
CAT1659,Garden Goods 1659,2024-11-17 00:19:38
CAT1660,Food Products 1660,2025-05-04 00:19:38
CAT1661,Beauty Range 1661,2025-01-04 00:19:38
CAT1662,Tools Goods 1662,2025-08-30 00:19:38
CAT1663,Tools Series 1663,2025-11-07 00:19:38
CAT1664,Automotive Equipment 1664,2025-06-08 00:19:38
CAT1665,Books Essentials 1665,2024-11-17 00:19:38
CAT1666,Books Items 1666,2025-01-07 00:19:38
CAT1667,Electronics Components 1667,2025-07-22 00:19:38
CAT1668,Toys Goods 1668,2025-05-10 00:19:38
CAT1669,Industrial Components 1669,2024-12-02 00:19:38
CAT1670,Toys Series 1670,2025-10-21 00:19:38
CAT1671,Electronics Items 1671,2025-01-04 00:19:38
CAT1672,Automotive Supplies 1672,2025-09-04 00:19:38
CAT1673,Electronics Series 1673,2024-12-28 00:19:38
CAT1674,Clothing Supplies 1674,2025-07-21 00:19:38
CAT1675,Automotive Materials 1675,2025-10-30 00:19:38
CAT1676,Music Products 1676,2025-08-16 00:19:38
CAT1677,Shoes Components 1677,2025-01-14 00:19:38
CAT1678,Garden Equipment 1678,2025-10-07 00:19:38
CAT1679,Industrial Essentials 1679,2025-03-19 00:19:38
CAT1680,Home Equipment 1680,2024-12-02 00:19:38
CAT1681,Home Goods 1681,2024-11-30 00:19:38
CAT1682,Toys Equipment 1682,2025-09-04 00:19:38
CAT1683,Garden Range 1683,2025-07-16 00:19:38
CAT1684,Clothing Components 1684,2024-11-18 00:19:38
CAT1685,Sports Products 1685,2024-11-14 00:19:38
CAT1686,Music Materials 1686,2025-06-24 00:19:38
CAT1687,Food Accessories 1687,2024-12-12 00:19:38
CAT1688,Clothing Essentials 1688,2025-07-17 00:19:38
CAT1689,Arts Accessories 1689,2025-05-08 00:19:38
CAT1690,Automotive Items 1690,2025-01-19 00:19:38
CAT1691,Arts Essentials 1691,2025-08-12 00:19:38
CAT1692,Electronics Accessories 1692,2025-10-12 00:19:38
CAT1693,Beauty Range 1693,2025-05-01 00:19:38
CAT1694,Sports Goods 1694,2024-11-28 00:19:38
CAT1695,Health Range 1695,2025-05-21 00:19:38
CAT1696,Food Series 1696,2025-04-04 00:19:38
CAT1697,Clothing Supplies 1697,2025-09-06 00:19:38
CAT1698,Food Products 1698,2025-04-08 00:19:38
CAT1699,Music Equipment 1699,2024-11-18 00:19:38
CAT1700,Clothing Collection 1700,2025-05-19 00:19:38
CAT1701,Jewelry Line 1701,2025-07-10 00:19:38
CAT1702,Beauty Materials 1702,2025-04-23 00:19:38
CAT1703,Automotive Essentials 1703,2025-09-28 00:19:38
CAT1704,Arts Series 1704,2025-10-21 00:19:38
CAT1705,Arts Accessories 1705,2025-01-09 00:19:38
CAT1706,Health Materials 1706,2025-08-22 00:19:38
CAT1707,Baby Products 1707,2024-12-20 00:19:38
CAT1708,Shoes Products 1708,2025-03-12 00:19:38
CAT1709,Baby Line 1709,2024-12-02 00:19:38
CAT1710,Shoes Products 1710,2025-07-16 00:19:38
CAT1711,Music Collection 1711,2025-02-06 00:19:38
CAT1712,Health Series 1712,2025-08-09 00:19:38
CAT1713,Pet Series 1713,2025-01-19 00:19:38
CAT1714,Food Collection 1714,2025-04-03 00:19:38
CAT1715,Industrial Supplies 1715,2024-11-08 00:19:38
CAT1716,Industrial Equipment 1716,2025-09-10 00:19:38
CAT1717,Home Goods 1717,2025-02-02 00:19:38
CAT1718,Jewelry Components 1718,2025-10-18 00:19:38
CAT1719,Jewelry Series 1719,2024-12-30 00:19:38
CAT1720,Home Series 1720,2024-12-17 00:19:38
CAT1721,Food Range 1721,2025-06-12 00:19:38
CAT1722,Health Range 1722,2025-07-16 00:19:38
CAT1723,Food Range 1723,2024-12-09 00:19:38
CAT1724,Health Line 1724,2025-05-12 00:19:38
CAT1725,Food Series 1725,2025-01-30 00:19:38
CAT1726,Automotive Line 1726,2025-02-15 00:19:38
CAT1727,Industrial Components 1727,2024-12-11 00:19:38
CAT1728,Beauty Materials 1728,2024-12-19 00:19:38
CAT1729,Garden Collection 1729,2025-06-24 00:19:38
CAT1730,Garden Supplies 1730,2024-11-23 00:19:38
CAT1731,Music Line 1731,2025-06-30 00:19:38
CAT1732,Arts Goods 1732,2025-08-31 00:19:38
CAT1733,Food Accessories 1733,2025-03-21 00:19:38
CAT1734,Pet Items 1734,2025-05-26 00:19:38
CAT1735,Arts Supplies 1735,2025-07-04 00:19:38
CAT1736,Office Essentials 1736,2025-05-07 00:19:38
CAT1737,Arts Products 1737,2025-04-18 00:19:38
CAT1738,Industrial Collection 1738,2025-04-28 00:19:38
CAT1739,Shoes Items 1739,2025-05-14 00:19:38
CAT1740,Electronics Series 1740,2025-08-13 00:19:38
CAT1741,Pet Supplies 1741,2024-11-26 00:19:38
CAT1742,Health Equipment 1742,2025-05-29 00:19:38
CAT1743,Music Supplies 1743,2025-07-30 00:19:38
CAT1744,Jewelry Accessories 1744,2025-05-30 00:19:38
CAT1745,Toys Equipment 1745,2025-03-11 00:19:38
CAT1746,Electronics Products 1746,2025-08-31 00:19:38
CAT1747,Jewelry Materials 1747,2025-01-16 00:19:38
CAT1748,Music Essentials 1748,2025-03-18 00:19:38
CAT1749,Automotive Goods 1749,2025-08-24 00:19:38
CAT1750,Clothing Items 1750,2025-05-11 00:19:38
CAT1751,Toys Supplies 1751,2025-06-06 00:19:38
CAT1752,Office Range 1752,2025-02-20 00:19:38
CAT1753,Tools Items 1753,2025-05-31 00:19:38
CAT1754,Garden Accessories 1754,2025-09-12 00:19:38
CAT1755,Health Goods 1755,2024-11-12 00:19:38
CAT1756,Industrial Collection 1756,2025-02-27 00:19:38
CAT1757,Beauty Range 1757,2024-12-22 00:19:38
CAT1758,Home Items 1758,2025-01-06 00:19:38
CAT1759,Clothing Line 1759,2025-06-22 00:19:38
CAT1760,Garden Supplies 1760,2025-06-26 00:19:38
CAT1761,Beauty Equipment 1761,2025-06-06 00:19:38
CAT1762,Clothing Goods 1762,2025-01-10 00:19:38
CAT1763,Beauty Series 1763,2025-10-20 00:19:38
CAT1764,Automotive Goods 1764,2025-05-20 00:19:38
CAT1765,Arts Series 1765,2025-05-31 00:19:38
CAT1766,Clothing Goods 1766,2025-06-10 00:19:38
CAT1767,Books Line 1767,2025-01-09 00:19:38
CAT1768,Music Accessories 1768,2025-09-29 00:19:38
CAT1769,Home Accessories 1769,2025-07-07 00:19:38
CAT1770,Baby Essentials 1770,2025-04-02 00:19:38
CAT1771,Home Collection 1771,2025-10-24 00:19:38
CAT1772,Tools Collection 1772,2025-09-11 00:19:38
CAT1773,Food Line 1773,2025-05-18 00:19:38
CAT1774,Books Supplies 1774,2024-11-22 00:19:38
CAT1775,Baby Equipment 1775,2025-08-20 00:19:38
CAT1776,Pet Collection 1776,2024-11-22 00:19:38
CAT1777,Automotive Line 1777,2025-01-11 00:19:38
CAT1778,Baby Equipment 1778,2025-01-09 00:19:38
CAT1779,Electronics Series 1779,2025-01-25 00:19:38
CAT1780,Garden Equipment 1780,2024-11-15 00:19:38
CAT1781,Clothing Series 1781,2025-08-26 00:19:38
CAT1782,Baby Materials 1782,2025-04-07 00:19:38
CAT1783,Toys Line 1783,2025-11-08 00:19:38
CAT1784,Books Goods 1784,2025-10-13 00:19:38
CAT1785,Industrial Equipment 1785,2025-02-17 00:19:38
CAT1786,Health Components 1786,2025-02-26 00:19:38
CAT1787,Arts Equipment 1787,2025-06-13 00:19:38
CAT1788,Industrial Accessories 1788,2025-05-19 00:19:38
CAT1789,Home Goods 1789,2024-12-20 00:19:38
CAT1790,Health Goods 1790,2024-12-29 00:19:38
CAT1791,Jewelry Materials 1791,2025-10-27 00:19:38
CAT1792,Tools Materials 1792,2025-01-16 00:19:38
CAT1793,Baby Products 1793,2025-01-15 00:19:38
CAT1794,Home Essentials 1794,2025-06-14 00:19:38
CAT1795,Sports Essentials 1795,2025-02-24 00:19:38
CAT1796,Industrial Materials 1796,2025-03-16 00:19:38
CAT1797,Books Items 1797,2025-05-31 00:19:38
CAT1798,Pet Products 1798,2025-06-26 00:19:38
CAT1799,Electronics Range 1799,2025-01-04 00:19:38
CAT1800,Sports Items 1800,2025-07-25 00:19:38
CAT1801,Shoes Collection 1801,2024-12-08 00:19:38
CAT1802,Baby Components 1802,2025-01-06 00:19:38
CAT1803,Garden Components 1803,2025-07-20 00:19:38
CAT1804,Toys Products 1804,2025-02-06 00:19:38
CAT1805,Music Items 1805,2025-08-28 00:19:38
CAT1806,Sports Collection 1806,2024-11-25 00:19:38
CAT1807,Automotive Products 1807,2024-12-08 00:19:38
CAT1808,Arts Goods 1808,2025-06-14 00:19:38
CAT1809,Baby Collection 1809,2024-12-13 00:19:38
CAT1810,Music Materials 1810,2025-04-07 00:19:38
CAT1811,Office Line 1811,2025-02-13 00:19:38
CAT1812,Industrial Equipment 1812,2025-02-22 00:19:38
CAT1813,Baby Components 1813,2025-08-18 00:19:38
CAT1814,Beauty Products 1814,2025-07-15 00:19:38
CAT1815,Industrial Essentials 1815,2025-08-13 00:19:38
CAT1816,Books Products 1816,2025-04-15 00:19:38
CAT1817,Health Collection 1817,2024-11-16 00:19:38
CAT1818,Industrial Accessories 1818,2025-07-31 00:19:38
CAT1819,Sports Series 1819,2025-05-09 00:19:38
CAT1820,Home Essentials 1820,2025-10-25 00:19:38
CAT1821,Home Items 1821,2025-07-05 00:19:38
CAT1822,Jewelry Accessories 1822,2025-03-10 00:19:38
CAT1823,Office Components 1823,2025-08-21 00:19:38
CAT1824,Arts Line 1824,2025-03-25 00:19:38
CAT1825,Baby Line 1825,2025-04-24 00:19:38
CAT1826,Shoes Range 1826,2025-05-19 00:19:38
CAT1827,Books Products 1827,2025-10-01 00:19:38
CAT1828,Books Equipment 1828,2025-06-29 00:19:38
CAT1829,Music Supplies 1829,2025-07-21 00:19:38
CAT1830,Food Components 1830,2025-07-27 00:19:38
CAT1831,Health Materials 1831,2025-01-08 00:19:38
CAT1832,Industrial Materials 1832,2025-07-04 00:19:38
CAT1833,Beauty Equipment 1833,2025-09-22 00:19:38
CAT1834,Toys Accessories 1834,2025-11-05 00:19:38
CAT1835,Industrial Range 1835,2025-01-10 00:19:38
CAT1836,Books Range 1836,2025-05-23 00:19:38
CAT1837,Arts Essentials 1837,2025-06-10 00:19:38
CAT1838,Beauty Materials 1838,2025-01-13 00:19:38
CAT1839,Music Items 1839,2025-01-08 00:19:38
CAT1840,Food Series 1840,2025-09-09 00:19:38
CAT1841,Garden Products 1841,2024-11-26 00:19:38
CAT1842,Books Products 1842,2025-08-11 00:19:38
CAT1843,Health Accessories 1843,2025-06-06 00:19:38
CAT1844,Sports Products 1844,2024-12-01 00:19:38
CAT1845,Electronics Supplies 1845,2024-12-06 00:19:38
CAT1846,Office Accessories 1846,2025-08-01 00:19:38
CAT1847,Tools Supplies 1847,2025-03-05 00:19:38
CAT1848,Health Items 1848,2025-08-09 00:19:38
CAT1849,Garden Range 1849,2025-09-02 00:19:38
CAT1850,Office Components 1850,2025-06-13 00:19:38
CAT1851,Industrial Line 1851,2025-07-20 00:19:38
CAT1852,Pet Essentials 1852,2025-10-26 00:19:38
CAT1853,Electronics Series 1853,2025-07-17 00:19:38
CAT1854,Electronics Line 1854,2025-06-22 00:19:38
CAT1855,Music Collection 1855,2025-06-13 00:19:38
CAT1856,Music Accessories 1856,2025-01-09 00:19:38
CAT1857,Sports Range 1857,2024-11-30 00:19:38
CAT1858,Arts Accessories 1858,2024-11-14 00:19:38
CAT1859,Shoes Accessories 1859,2025-07-30 00:19:38
CAT1860,Sports Essentials 1860,2025-09-25 00:19:38
CAT1861,Food Products 1861,2025-11-06 00:19:38
CAT1862,Arts Collection 1862,2025-01-19 00:19:38
CAT1863,Garden Series 1863,2025-05-22 00:19:38
CAT1864,Office Essentials 1864,2025-10-08 00:19:38
CAT1865,Garden Accessories 1865,2025-05-02 00:19:38
CAT1866,Clothing Components 1866,2025-08-03 00:19:38
CAT1867,Automotive Series 1867,2025-09-15 00:19:38
CAT1868,Jewelry Items 1868,2025-07-07 00:19:38
CAT1869,Electronics Essentials 1869,2025-02-22 00:19:38
CAT1870,Jewelry Collection 1870,2025-04-21 00:19:38
CAT1871,Sports Goods 1871,2025-07-27 00:19:38
CAT1872,Music Components 1872,2024-12-31 00:19:38
CAT1873,Books Line 1873,2025-08-22 00:19:38
CAT1874,Shoes Essentials 1874,2025-06-01 00:19:38
CAT1875,Beauty Essentials 1875,2025-02-18 00:19:38
CAT1876,Office Items 1876,2025-09-12 00:19:38
CAT1877,Clothing Materials 1877,2024-12-27 00:19:38
CAT1878,Industrial Series 1878,2025-01-26 00:19:38
CAT1879,Baby Components 1879,2025-03-21 00:19:38
CAT1880,Sports Products 1880,2025-10-27 00:19:38
CAT1881,Automotive Equipment 1881,2025-01-26 00:19:38
CAT1882,Toys Equipment 1882,2025-05-04 00:19:38
CAT1883,Music Items 1883,2025-04-07 00:19:38
CAT1884,Industrial Line 1884,2025-01-28 00:19:38
CAT1885,Toys Items 1885,2025-04-18 00:19:38
CAT1886,Electronics Accessories 1886,2025-01-23 00:19:38
CAT1887,Baby Essentials 1887,2025-04-14 00:19:38
CAT1888,Electronics Equipment 1888,2025-06-18 00:19:38
CAT1889,Garden Essentials 1889,2025-05-22 00:19:38
CAT1890,Books Equipment 1890,2025-10-06 00:19:38
CAT1891,Sports Materials 1891,2025-07-27 00:19:38
CAT1892,Food Equipment 1892,2025-06-21 00:19:38
CAT1893,Home Equipment 1893,2024-12-08 00:19:38
CAT1894,Electronics Series 1894,2025-03-07 00:19:38
CAT1895,Jewelry Goods 1895,2024-12-30 00:19:38
CAT1896,Shoes Components 1896,2025-08-30 00:19:38
CAT1897,Industrial Essentials 1897,2025-02-18 00:19:38
CAT1898,Home Range 1898,2025-09-21 00:19:38
CAT1899,Pet Equipment 1899,2025-02-28 00:19:38
CAT1900,Beauty Goods 1900,2025-10-20 00:19:38
CAT1901,Arts Range 1901,2025-09-07 00:19:38
CAT1902,Tools Components 1902,2025-02-24 00:19:38
CAT1903,Toys Goods 1903,2025-06-18 00:19:38
CAT1904,Arts Items 1904,2025-03-07 00:19:38
CAT1905,Office Supplies 1905,2025-01-05 00:19:38
CAT1906,Shoes Equipment 1906,2025-09-28 00:19:38
CAT1907,Food Products 1907,2025-02-03 00:19:38
CAT1908,Sports Line 1908,2025-01-07 00:19:38
CAT1909,Baby Materials 1909,2025-02-17 00:19:38
CAT1910,Industrial Goods 1910,2025-09-07 00:19:38
CAT1911,Clothing Products 1911,2025-05-13 00:19:38
CAT1912,Beauty Products 1912,2024-12-31 00:19:38
CAT1913,Food Series 1913,2024-12-10 00:19:38
CAT1914,Beauty Essentials 1914,2025-03-31 00:19:38
CAT1915,Health Components 1915,2025-10-13 00:19:38
CAT1916,Garden Products 1916,2024-12-19 00:19:38
CAT1917,Office Collection 1917,2025-07-30 00:19:38
CAT1918,Music Materials 1918,2025-07-11 00:19:38
CAT1919,Clothing Collection 1919,2025-02-21 00:19:38
CAT1920,Toys Goods 1920,2024-11-16 00:19:38
CAT1921,Electronics Products 1921,2025-03-19 00:19:38
CAT1922,Home Goods 1922,2025-04-03 00:19:38
CAT1923,Shoes Equipment 1923,2024-12-16 00:19:38
CAT1924,Pet Accessories 1924,2025-10-18 00:19:38
CAT1925,Tools Goods 1925,2025-04-02 00:19:38
CAT1926,Industrial Essentials 1926,2024-12-30 00:19:38
CAT1927,Home Accessories 1927,2025-07-21 00:19:38
CAT1928,Garden Accessories 1928,2025-01-19 00:19:38
CAT1929,Beauty Products 1929,2025-10-23 00:19:38
CAT1930,Electronics Products 1930,2025-03-29 00:19:38
CAT1931,Music Goods 1931,2025-03-19 00:19:38
CAT1932,Office Goods 1932,2025-07-18 00:19:38
CAT1933,Music Supplies 1933,2024-12-24 00:19:38
CAT1934,Home Range 1934,2025-04-07 00:19:38
CAT1935,Home Essentials 1935,2025-06-17 00:19:38
CAT1936,Food Supplies 1936,2025-01-13 00:19:38
CAT1937,Sports Range 1937,2025-08-20 00:19:38
CAT1938,Food Collection 1938,2025-05-07 00:19:38
CAT1939,Clothing Items 1939,2025-03-10 00:19:38
CAT1940,Music Items 1940,2024-11-08 00:19:38
CAT1941,Sports Collection 1941,2025-09-22 00:19:38
CAT1942,Food Essentials 1942,2025-01-17 00:19:38
CAT1943,Tools Range 1943,2025-03-29 00:19:38
CAT1944,Garden Essentials 1944,2025-03-29 00:19:38
CAT1945,Industrial Materials 1945,2025-05-10 00:19:38
CAT1946,Books Items 1946,2025-04-05 00:19:38
CAT1947,Automotive Components 1947,2025-03-13 00:19:38
CAT1948,Industrial Range 1948,2025-06-27 00:19:38
CAT1949,Music Equipment 1949,2025-09-04 00:19:38
CAT1950,Sports Products 1950,2025-06-07 00:19:38
CAT1951,Garden Collection 1951,2025-06-30 00:19:38
CAT1952,Sports Goods 1952,2025-06-23 00:19:38
CAT1953,Baby Range 1953,2025-10-21 00:19:38
CAT1954,Industrial Goods 1954,2025-09-07 00:19:38
CAT1955,Tools Essentials 1955,2025-01-08 00:19:38
CAT1956,Office Products 1956,2025-06-07 00:19:38
CAT1957,Office Items 1957,2025-02-15 00:19:38
CAT1958,Automotive Collection 1958,2025-10-26 00:19:38
CAT1959,Toys Goods 1959,2025-08-31 00:19:38
CAT1960,Food Line 1960,2025-06-11 00:19:38
CAT1961,Music Products 1961,2025-02-20 00:19:38
CAT1962,Pet Line 1962,2025-02-13 00:19:38
CAT1963,Toys Range 1963,2025-03-18 00:19:38
CAT1964,Garden Line 1964,2025-08-21 00:19:38
CAT1965,Pet Goods 1965,2025-07-08 00:19:38
CAT1966,Office Range 1966,2025-07-20 00:19:38
CAT1967,Garden Supplies 1967,2025-06-03 00:19:38
CAT1968,Arts Products 1968,2025-01-08 00:19:38
CAT1969,Office Components 1969,2025-09-11 00:19:38
CAT1970,Shoes Essentials 1970,2025-10-25 00:19:38
CAT1971,Jewelry Items 1971,2024-12-05 00:19:38
CAT1972,Arts Items 1972,2025-08-01 00:19:38
CAT1973,Toys Line 1973,2025-09-11 00:19:38
CAT1974,Books Accessories 1974,2025-04-16 00:19:38
CAT1975,Health Equipment 1975,2025-11-06 00:19:38
CAT1976,Books Materials 1976,2025-02-21 00:19:38
CAT1977,Electronics Line 1977,2025-04-24 00:19:38
CAT1978,Sports Equipment 1978,2025-02-08 00:19:38
CAT1979,Food Series 1979,2025-08-07 00:19:38
CAT1980,Books Collection 1980,2025-10-28 00:19:38
CAT1981,Food Range 1981,2025-10-22 00:19:38
CAT1982,Food Goods 1982,2025-07-27 00:19:38
CAT1983,Beauty Materials 1983,2025-03-23 00:19:38
CAT1984,Food Goods 1984,2024-12-31 00:19:38
CAT1985,Pet Series 1985,2025-03-10 00:19:38
CAT1986,Books Supplies 1986,2025-02-18 00:19:38
CAT1987,Garden Products 1987,2025-04-03 00:19:38
CAT1988,Electronics Products 1988,2025-08-19 00:19:38
CAT1989,Tools Goods 1989,2025-06-02 00:19:38
CAT1990,Baby Range 1990,2025-04-05 00:19:38
CAT1991,Tools Goods 1991,2025-09-13 00:19:38
CAT1992,Jewelry Range 1992,2025-08-14 00:19:38
CAT1993,Baby Products 1993,2024-12-25 00:19:38
CAT1994,Health Essentials 1994,2025-06-24 00:19:38
CAT1995,Clothing Components 1995,2025-08-18 00:19:38
CAT1996,Sports Goods 1996,2025-01-12 00:19:38
CAT1997,Food Items 1997,2025-05-20 00:19:38
CAT1998,Industrial Line 1998,2025-03-08 00:19:38
CAT1999,Clothing Equipment 1999,2025-10-22 00:19:38
CAT2000,Automotive Materials 2000,2025-03-24 00:19:38
